Time,Driver,DriverNumber,LapTime,LapNumber,Stint,PitOutTime,PitInTime,Sector1Time,Sector2Time,Sector3Time,Sector1SessionTime,Sector2SessionTime,Sector3SessionTime,SpeedI1,SpeedI2,SpeedFL,SpeedST,IsPersonalBest,Compound,TyreLife,FreshTyre,Team,LapStartTime,LapStartDate,TrackStatus,Position,Deleted,DeletedReason,FastF1Generated,IsAccurate,LapTimeSec
0 days 00:26:16.314000,VER,1,0 days 00:01:33.621000,2.0,1.0,,,0 days 00:00:29.993000,0 days 00:00:40.202000,0 days 00:00:23.426000,0 days 00:25:12.686000,0 days 00:25:52.888000,0 days 00:26:16.314000,233.0,267.0,281.0,317.0,True,MEDIUM,2.0,True,Red Bull Racing,0 days 00:24:42.693000,2022-03-18 15:09:42.725,1,,False,,False,True,93.621
0 days 00:30:25.285000,VER,1,0 days 00:01:33.691000,4.0,1.0,,,0 days 00:00:30.185000,0 days 00:00:40.076000,0 days 00:00:23.430000,0 days 00:29:21.779000,0 days 00:30:01.855000,0 days 00:30:25.285000,232.0,267.0,282.0,315.0,False,MEDIUM,4.0,True,Red Bull Racing,0 days 00:28:51.594000,2022-03-18 15:13:51.626,1,,False,,False,True,93.691
0 days 00:32:07.796000,VER,1,0 days 00:01:42.511000,5.0,1.0,,0 days 00:32:06.008000,0 days 00:00:32.347000,0 days 00:00:42.273000,0 days 00:00:27.891000,0 days 00:30:57.632000,0 days 00:31:39.905000,0 days 00:32:07.796000,218.0,253.0,,252.0,False,MEDIUM,5.0,True,Red Bull Racing,0 days 00:30:25.285000,2022-03-18 15:15:25.317,1,,False,,False,False,102.511
0 days 00:46:20.761000,VER,1,0 days 00:01:31.936000,7.0,2.0,,,0 days 00:00:29.376000,0 days 00:00:39.507000,0 days 00:00:23.053000,0 days 00:45:18.201000,0 days 00:45:57.708000,0 days 00:46:20.761000,235.0,266.0,282.0,314.0,True,SOFT,2.0,True,Red Bull Racing,0 days 00:44:48.825000,2022-03-18 15:29:48.857,1,,False,,False,True,91.936
0 days 00:48:09.442000,VER,1,0 days 00:01:48.681000,8.0,2.0,,0 days 00:48:07.646000,0 days 00:00:35.829000,0 days 00:00:44.810000,0 days 00:00:28.042000,0 days 00:46:56.590000,0 days 00:47:41.400000,0 days 00:48:09.442000,204.0,216.0,,287.0,False,SOFT,3.0,True,Red Bull Racing,0 days 00:46:20.761000,2022-03-18 15:31:20.793,1,,False,,False,False,108.681
0 days 01:00:35.088000,VER,1,0 days 00:02:09.568000,10.0,4.0,0 days 00:58:46.187000,,0 days 00:01:01.145000,0 days 00:00:43.033000,0 days 00:00:25.390000,0 days 00:59:26.665000,0 days 01:00:09.698000,0 days 01:00:35.088000,227.0,254.0,270.0,203.0,False,SOFT,5.0,False,Red Bull Racing,0 days 00:58:25.520000,2022-03-18 15:43:25.552,1,,False,,False,False,129.568
0 days 01:02:12.253000,VER,1,0 days 00:01:37.165000,11.0,4.0,,,0 days 00:00:31.045000,0 days 00:00:41.616000,0 days 00:00:24.504000,0 days 01:01:06.133000,0 days 01:01:47.749000,0 days 01:02:12.253000,229.0,257.0,269.0,290.0,False,SOFT,6.0,False,Red Bull Racing,0 days 01:00:35.088000,2022-03-18 15:45:35.120,1,,False,,False,True,97.165
0 days 01:03:49.385000,VER,1,0 days 00:01:37.132000,12.0,4.0,,,0 days 00:00:31.174000,0 days 00:00:41.719000,0 days 00:00:24.239000,0 days 01:02:43.427000,0 days 01:03:25.146000,0 days 01:03:49.385000,229.0,255.0,269.0,293.0,False,SOFT,7.0,False,Red Bull Racing,0 days 01:02:12.253000,2022-03-18 15:47:12.285,1,,False,,False,True,97.132
0 days 01:05:26.522000,VER,1,0 days 00:01:37.137000,13.0,4.0,,,0 days 00:00:31.132000,0 days 00:00:41.819000,0 days 00:00:24.186000,0 days 01:04:20.517000,0 days 01:05:02.336000,0 days 01:05:26.522000,229.0,254.0,270.0,293.0,False,SOFT,8.0,False,Red Bull Racing,0 days 01:03:49.385000,2022-03-18 15:48:49.417,1,,False,,False,True,97.137
0 days 01:07:04.265000,VER,1,0 days 00:01:37.743000,14.0,4.0,,,0 days 00:00:31.201000,0 days 00:00:42.097000,0 days 00:00:24.445000,0 days 01:05:57.723000,0 days 01:06:39.820000,0 days 01:07:04.265000,229.0,254.0,270.0,293.0,False,SOFT,9.0,False,Red Bull Racing,0 days 01:05:26.522000,2022-03-18 15:50:26.554,1,,False,,False,True,97.743
0 days 01:08:41.763000,VER,1,0 days 00:01:37.498000,15.0,4.0,,,0 days 00:00:31.211000,0 days 00:00:42.040000,0 days 00:00:24.247000,0 days 01:07:35.476000,0 days 01:08:17.516000,0 days 01:08:41.763000,229.0,255.0,270.0,293.0,False,SOFT,10.0,False,Red Bull Racing,0 days 01:07:04.265000,2022-03-18 15:52:04.297,1,,False,,False,True,97.498
0 days 01:10:19.381000,VER,1,0 days 00:01:37.618000,16.0,4.0,,,0 days 00:00:31.243000,0 days 00:00:42.119000,0 days 00:00:24.256000,0 days 01:09:13.006000,0 days 01:09:55.125000,0 days 01:10:19.381000,227.0,250.0,270.0,296.0,False,SOFT,11.0,False,Red Bull Racing,0 days 01:08:41.763000,2022-03-18 15:53:41.795,1,,False,,False,True,97.618
0 days 01:11:57.199000,VER,1,0 days 00:01:37.818000,17.0,4.0,,,0 days 00:00:31.311000,0 days 00:00:42.249000,0 days 00:00:24.258000,0 days 01:10:50.692000,0 days 01:11:32.941000,0 days 01:11:57.199000,229.0,258.0,285.0,295.0,False,SOFT,12.0,False,Red Bull Racing,0 days 01:10:19.381000,2022-03-18 15:55:19.413,1,,False,,False,True,97.818
0 days 01:13:34.711000,VER,1,0 days 00:01:37.512000,18.0,4.0,,,0 days 00:00:30.822000,0 days 00:00:42.440000,0 days 00:00:24.250000,0 days 01:12:28.021000,0 days 01:13:10.461000,0 days 01:13:34.711000,230.0,257.0,274.0,312.0,False,SOFT,13.0,False,Red Bull Racing,0 days 01:11:57.199000,2022-03-18 15:56:57.231,1,,False,,False,True,97.512
0 days 01:15:12.335000,VER,1,0 days 00:01:37.624000,19.0,4.0,,,0 days 00:00:31.222000,0 days 00:00:42.199000,0 days 00:00:24.203000,0 days 01:14:05.933000,0 days 01:14:48.132000,0 days 01:15:12.335000,230.0,251.0,274.0,293.0,False,SOFT,14.0,False,Red Bull Racing,0 days 01:13:34.711000,2022-03-18 15:58:34.743,1,,False,,False,True,97.624
0 days 01:17:12.938000,VER,1,0 days 00:02:00.603000,20.0,4.0,,0 days 01:17:10.341000,0 days 00:00:39.299000,0 days 00:00:49.014000,0 days 00:00:32.290000,0 days 01:15:51.634000,0 days 01:16:40.648000,0 days 01:17:12.938000,181.0,186.0,,191.0,False,SOFT,15.0,False,Red Bull Racing,0 days 01:15:12.335000,2022-03-18 16:00:12.367,1,,False,,False,False,120.603
0 days 00:19:35.734000,RIC,3,0 days 00:01:48.546000,2.0,1.0,,,0 days 00:00:32.338000,0 days 00:00:46.736000,0 days 00:00:29.472000,0 days 00:18:19.526000,0 days 00:19:06.262000,0 days 00:19:35.734000,221.0,219.0,279.0,293.0,True,HARD,2.0,True,McLaren,0 days 00:17:47.188000,2022-03-18 15:02:47.220,1,,False,,False,True,108.546
0 days 00:21:11.789000,RIC,3,0 days 00:01:36.055000,3.0,1.0,,,0 days 00:00:30.678000,0 days 00:00:41.412000,0 days 00:00:23.965000,0 days 00:20:06.412000,0 days 00:20:47.824000,0 days 00:21:11.789000,232.0,261.0,279.0,307.0,True,HARD,3.0,True,McLaren,0 days 00:19:35.734000,2022-03-18 15:04:35.766,1,,False,,False,True,96.055
0 days 00:23:07.797000,RIC,3,0 days 00:01:56.008000,4.0,1.0,,,0 days 00:00:39.347000,0 days 00:00:51.338000,0 days 00:00:25.323000,0 days 00:21:51.136000,0 days 00:22:42.474000,0 days 00:23:07.797000,212.0,242.0,279.0,280.0,False,HARD,4.0,True,McLaren,0 days 00:21:11.789000,2022-03-18 15:06:11.821,1,,False,,False,True,116.008
0 days 00:25:04.109000,RIC,3,0 days 00:01:56.312000,5.0,1.0,,,0 days 00:00:33.296000,0 days 00:00:46.127000,0 days 00:00:36.889000,0 days 00:23:41.093000,0 days 00:24:27.220000,0 days 00:25:04.109000,220.0,234.0,279.0,306.0,False,HARD,5.0,True,McLaren,0 days 00:23:07.797000,2022-03-18 15:08:07.829,1,,False,,False,True,116.312
0 days 00:26:42.543000,RIC,3,0 days 00:01:38.434000,6.0,1.0,,,0 days 00:00:30.806000,0 days 00:00:42.134000,0 days 00:00:25.494000,0 days 00:25:34.915000,0 days 00:26:17.049000,0 days 00:26:42.543000,232.0,248.0,278.0,309.0,False,HARD,6.0,True,McLaren,0 days 00:25:04.109000,2022-03-18 15:10:04.141,1,,False,,False,True,98.434
0 days 00:28:29.456000,RIC,3,0 days 00:01:46.913000,7.0,1.0,,,0 days 00:00:30.965000,0 days 00:00:49.145000,0 days 00:00:26.803000,0 days 00:27:13.508000,0 days 00:28:02.653000,0 days 00:28:29.456000,233.0,175.0,278.0,307.0,False,HARD,7.0,True,McLaren,0 days 00:26:42.543000,2022-03-18 15:11:42.575,1,,False,,False,True,106.913
0 days 00:30:13.696000,RIC,3,0 days 00:01:44.240000,8.0,1.0,,0 days 00:30:11.929000,0 days 00:00:30.785000,0 days 00:00:42.638000,0 days 00:00:30.817000,0 days 00:29:00.241000,0 days 00:29:42.879000,0 days 00:30:13.696000,234.0,197.0,,305.0,False,HARD,8.0,True,McLaren,0 days 00:28:29.456000,2022-03-18 15:13:29.488,1,,False,,False,False,104.24
0 days 00:42:03.248000,RIC,3,0 days 00:01:34.166000,10.0,2.0,,,0 days 00:00:30.135000,0 days 00:00:40.198000,0 days 00:00:23.833000,0 days 00:40:59.217000,0 days 00:41:39.415000,0 days 00:42:03.248000,236.0,266.0,280.0,309.0,True,SOFT,2.0,True,McLaren,0 days 00:40:29.082000,2022-03-18 15:25:29.114,1,,False,,False,True,94.166
0 days 00:44:13.030000,RIC,3,0 days 00:02:09.782000,11.0,2.0,,,0 days 00:00:39.552000,0 days 00:01:02.092000,0 days 00:00:28.138000,0 days 00:42:42.800000,0 days 00:43:44.892000,0 days 00:44:13.030000,203.0,200.0,278.0,279.0,False,SOFT,3.0,True,McLaren,0 days 00:42:03.248000,2022-03-18 15:27:03.280,1,,False,,False,True,129.782
0 days 00:45:53.703000,RIC,3,0 days 00:01:40.673000,12.0,2.0,,0 days 00:45:51.958000,0 days 00:00:30.356000,0 days 00:00:40.610000,0 days 00:00:29.707000,0 days 00:44:43.386000,0 days 00:45:23.996000,0 days 00:45:53.703000,234.0,263.0,,304.0,False,SOFT,4.0,True,McLaren,0 days 00:44:13.030000,2022-03-18 15:29:13.062,1,,False,,False,False,100.673
0 days 00:19:16.226000,NOR,4,0 days 00:01:35.486000,2.0,1.0,,,0 days 00:00:30.753000,0 days 00:00:40.918000,0 days 00:00:23.815000,0 days 00:18:11.493000,0 days 00:18:52.411000,0 days 00:19:16.226000,232.0,262.0,277.0,306.0,True,HARD,2.0,True,McLaren,0 days 00:17:40.740000,2022-03-18 15:02:40.772,1,,False,,False,True,95.486
0 days 00:21:24.211000,NOR,4,0 days 00:02:07.985000,3.0,1.0,,,0 days 00:00:42.863000,0 days 00:00:56.877000,0 days 00:00:28.245000,0 days 00:19:59.089000,0 days 00:20:55.966000,0 days 00:21:24.211000,154.0,164.0,280.0,225.0,False,HARD,3.0,True,McLaren,0 days 00:19:16.226000,2022-03-18 15:04:16.258,1,,False,,False,True,127.985
0 days 00:22:59.386000,NOR,4,0 days 00:01:35.175000,4.0,1.0,,,0 days 00:00:30.787000,0 days 00:00:40.590000,0 days 00:00:23.798000,0 days 00:21:54.998000,0 days 00:22:35.588000,0 days 00:22:59.386000,228.0,263.0,280.0,307.0,True,HARD,4.0,True,McLaren,0 days 00:21:24.211000,2022-03-18 15:06:24.243,1,,False,,False,True,95.175
0 days 00:25:09.337000,NOR,4,0 days 00:02:09.951000,5.0,1.0,,,0 days 00:00:44.947000,0 days 00:00:59.121000,0 days 00:00:25.883000,0 days 00:23:44.333000,0 days 00:24:43.454000,0 days 00:25:09.337000,157.0,206.0,279.0,259.0,False,HARD,5.0,True,McLaren,0 days 00:22:59.386000,2022-03-18 15:07:59.418,1,,False,,False,True,129.951
0 days 00:26:53.751000,NOR,4,0 days 00:01:44.414000,6.0,1.0,,0 days 00:26:52.052000,0 days 00:00:34.482000,0 days 00:00:41.389000,0 days 00:00:28.543000,0 days 00:25:43.819000,0 days 00:26:25.208000,0 days 00:26:53.751000,230.0,265.0,,307.0,False,HARD,6.0,True,McLaren,0 days 00:25:09.337000,2022-03-18 15:10:09.369,1,,False,,False,False,104.414
0 days 00:38:34.063000,NOR,4,0 days 00:02:01.153000,8.0,2.0,,,0 days 00:00:39.458000,0 days 00:00:55.336000,0 days 00:00:26.359000,0 days 00:37:12.368000,0 days 00:38:07.704000,0 days 00:38:34.063000,186.0,190.0,281.0,306.0,False,SOFT,2.0,True,McLaren,0 days 00:36:32.910000,2022-03-18 15:21:32.942,1,,False,,False,True,121.153
0 days 00:40:07.343000,NOR,4,0 days 00:01:33.280000,9.0,2.0,,,0 days 00:00:29.967000,0 days 00:00:39.687000,0 days 00:00:23.626000,0 days 00:39:04.030000,0 days 00:39:43.717000,0 days 00:40:07.343000,236.0,265.0,275.0,308.0,True,SOFT,3.0,True,McLaren,0 days 00:38:34.063000,2022-03-18 15:23:34.095,1,,False,,False,True,93.28
0 days 00:41:57.702000,NOR,4,0 days 00:01:50.359000,10.0,2.0,,0 days 00:41:55.912000,0 days 00:00:35.087000,0 days 00:00:47.398000,0 days 00:00:27.874000,0 days 00:40:42.430000,0 days 00:41:29.828000,0 days 00:41:57.702000,192.0,218.0,,235.0,False,SOFT,4.0,True,McLaren,0 days 00:40:07.343000,2022-03-18 15:25:07.375,1,,False,,False,False,110.359
0 days 00:54:16.888000,NOR,4,0 days 00:01:39.087000,12.0,3.0,,,0 days 00:00:31.697000,0 days 00:00:42.985000,0 days 00:00:24.405000,0 days 00:53:09.498000,0 days 00:53:52.483000,0 days 00:54:16.888000,226.0,242.0,266.0,281.0,False,SOFT,6.0,False,McLaren,0 days 00:52:37.801000,2022-03-18 15:37:37.833,1,,False,,False,True,99.087
0 days 00:55:55.998000,NOR,4,0 days 00:01:39.110000,13.0,3.0,,,0 days 00:00:31.674000,0 days 00:00:42.930000,0 days 00:00:24.506000,0 days 00:54:48.562000,0 days 00:55:31.492000,0 days 00:55:55.998000,226.0,239.0,267.0,282.0,False,SOFT,7.0,False,McLaren,0 days 00:54:16.888000,2022-03-18 15:39:16.920,1,,False,,False,True,99.11
0 days 00:57:35.014000,NOR,4,0 days 00:01:39.016000,14.0,3.0,,,0 days 00:00:31.663000,0 days 00:00:42.861000,0 days 00:00:24.492000,0 days 00:56:27.661000,0 days 00:57:10.522000,0 days 00:57:35.014000,229.0,235.0,267.0,283.0,False,SOFT,8.0,False,McLaren,0 days 00:55:55.998000,2022-03-18 15:40:56.030,1,,False,,False,True,99.016
0 days 00:59:13.968000,NOR,4,0 days 00:01:38.954000,15.0,3.0,,,0 days 00:00:31.662000,0 days 00:00:42.810000,0 days 00:00:24.482000,0 days 00:58:06.676000,0 days 00:58:49.486000,0 days 00:59:13.968000,228.0,238.0,267.0,284.0,False,SOFT,9.0,False,McLaren,0 days 00:57:35.014000,2022-03-18 15:42:35.046,1,,False,,False,True,98.954
0 days 01:00:54.216000,NOR,4,0 days 00:01:40.248000,16.0,3.0,,,0 days 00:00:31.794000,0 days 00:00:42.830000,0 days 00:00:25.624000,0 days 00:59:45.762000,0 days 01:00:28.592000,0 days 01:00:54.216000,228.0,244.0,259.0,282.0,False,SOFT,10.0,False,McLaren,0 days 00:59:13.968000,2022-03-18 15:44:14.000,1,,False,,False,True,100.248
0 days 01:02:33.744000,NOR,4,0 days 00:01:39.528000,17.0,3.0,,,0 days 00:00:31.879000,0 days 00:00:43.067000,0 days 00:00:24.582000,0 days 01:01:26.095000,0 days 01:02:09.162000,0 days 01:02:33.744000,228.0,241.0,268.0,286.0,False,SOFT,11.0,False,McLaren,0 days 01:00:54.216000,2022-03-18 15:45:54.248,1,,False,,False,True,99.528
0 days 01:04:12.951000,NOR,4,0 days 00:01:39.207000,18.0,3.0,,,0 days 00:00:31.757000,0 days 00:00:42.702000,0 days 00:00:24.748000,0 days 01:03:05.501000,0 days 01:03:48.203000,0 days 01:04:12.951000,230.0,247.0,267.0,284.0,False,SOFT,12.0,False,McLaren,0 days 01:02:33.744000,2022-03-18 15:47:33.776,1,,False,,False,True,99.207
0 days 01:05:53.123000,NOR,4,0 days 00:01:40.172000,19.0,3.0,,,0 days 00:00:32.249000,0 days 00:00:43.139000,0 days 00:00:24.784000,0 days 01:04:45.200000,0 days 01:05:28.339000,0 days 01:05:53.123000,230.0,256.0,270.0,281.0,False,SOFT,13.0,False,McLaren,0 days 01:04:12.951000,2022-03-18 15:49:12.983,1,,False,,False,True,100.172
0 days 01:07:32.684000,NOR,4,0 days 00:01:39.561000,20.0,3.0,,,0 days 00:00:31.859000,0 days 00:00:42.847000,0 days 00:00:24.855000,0 days 01:06:24.982000,0 days 01:07:07.829000,0 days 01:07:32.684000,229.0,256.0,270.0,288.0,False,SOFT,14.0,False,McLaren,0 days 01:05:53.123000,2022-03-18 15:50:53.155,1,,False,,False,True,99.561
0 days 01:09:12.205000,NOR,4,0 days 00:01:39.521000,21.0,3.0,,,0 days 00:00:31.883000,0 days 00:00:42.755000,0 days 00:00:24.883000,0 days 01:08:04.567000,0 days 01:08:47.322000,0 days 01:09:12.205000,229.0,254.0,269.0,287.0,False,SOFT,15.0,False,McLaren,0 days 01:07:32.684000,2022-03-18 15:52:32.716,1,,False,,False,True,99.521
0 days 01:10:51.865000,NOR,4,0 days 00:01:39.660000,22.0,3.0,,,0 days 00:00:31.961000,0 days 00:00:42.870000,0 days 00:00:24.829000,0 days 01:09:44.166000,0 days 01:10:27.036000,0 days 01:10:51.865000,229.0,251.0,268.0,285.0,False,SOFT,16.0,False,McLaren,0 days 01:09:12.205000,2022-03-18 15:54:12.237,1,,False,,False,True,99.66
0 days 01:12:32.029000,NOR,4,0 days 00:01:40.164000,23.0,3.0,,,0 days 00:00:32.029000,0 days 00:00:43.107000,0 days 00:00:25.028000,0 days 01:11:23.894000,0 days 01:12:07.001000,0 days 01:12:32.029000,229.0,252.0,269.0,285.0,False,SOFT,17.0,False,McLaren,0 days 01:10:51.865000,2022-03-18 15:55:51.897,1,,False,,False,True,100.164
0 days 01:14:12.401000,NOR,4,0 days 00:01:40.372000,24.0,3.0,,,0 days 00:00:32.240000,0 days 00:00:43.254000,0 days 00:00:24.878000,0 days 01:13:04.269000,0 days 01:13:47.523000,0 days 01:14:12.401000,228.0,245.0,268.0,261.0,False,SOFT,18.0,False,McLaren,0 days 01:12:32.029000,2022-03-18 15:57:32.061,1,,False,,False,True,100.372
0 days 01:15:53.715000,NOR,4,0 days 00:01:41.314000,25.0,3.0,,,0 days 00:00:32.494000,0 days 00:00:43.882000,0 days 00:00:24.938000,0 days 01:14:44.895000,0 days 01:15:28.777000,0 days 01:15:53.715000,223.0,245.0,269.0,271.0,False,SOFT,19.0,False,McLaren,0 days 01:14:12.401000,2022-03-18 15:59:12.433,1,,False,,False,True,101.314
0 days 01:17:59.390000,NOR,4,0 days 00:02:05.675000,26.0,3.0,,,0 days 00:00:35.523000,0 days 00:00:47.970000,0 days 00:00:42.182000,0 days 01:16:29.238000,0 days 01:17:17.208000,0 days 01:17:59.390000,185.0,207.0,81.0,214.0,False,SOFT,20.0,False,McLaren,0 days 01:15:53.715000,2022-03-18 16:00:53.747,1,,False,,False,True,125.675
0 days 00:20:00.406000,LAT,6,0 days 00:01:37.613000,2.0,1.0,,,0 days 00:00:31.421000,0 days 00:00:42.069000,0 days 00:00:24.123000,0 days 00:18:54.214000,0 days 00:19:36.283000,0 days 00:20:00.406000,233.0,265.0,278.0,311.0,True,MEDIUM,2.0,True,Williams,0 days 00:18:22.793000,2022-03-18 15:03:22.825,1,,False,,False,True,97.613
0 days 00:21:36.895000,LAT,6,0 days 00:01:36.489000,3.0,1.0,,,0 days 00:00:30.858000,0 days 00:00:41.736000,0 days 00:00:23.895000,0 days 00:20:31.264000,0 days 00:21:13,0 days 00:21:36.895000,230.0,263.0,281.0,309.0,True,MEDIUM,3.0,True,Williams,0 days 00:20:00.406000,2022-03-18 15:05:00.438,1,,False,,False,True,96.489
0 days 00:23:43.024000,LAT,6,0 days 00:02:06.129000,4.0,1.0,,,0 days 00:00:39.397000,0 days 00:00:58.955000,0 days 00:00:27.777000,0 days 00:22:16.292000,0 days 00:23:15.247000,0 days 00:23:43.024000,173.0,240.0,280.0,297.0,False,MEDIUM,4.0,True,Williams,0 days 00:21:36.895000,2022-03-18 15:06:36.927,1,,False,,False,True,126.129
0 days 00:25:20.034000,LAT,6,0 days 00:01:37.010000,5.0,1.0,,,0 days 00:00:30.862000,0 days 00:00:41.872000,0 days 00:00:24.276000,0 days 00:24:13.886000,0 days 00:24:55.758000,0 days 00:25:20.034000,233.0,267.0,282.0,310.0,False,MEDIUM,5.0,True,Williams,0 days 00:23:43.024000,2022-03-18 15:08:43.056,1,,False,,False,True,97.01
0 days 00:27:21.154000,LAT,6,0 days 00:02:01.120000,6.0,1.0,,0 days 00:27:19.366000,0 days 00:00:36.023000,0 days 00:00:52.805000,0 days 00:00:32.292000,0 days 00:25:56.057000,0 days 00:26:48.862000,0 days 00:27:21.154000,216.0,217.0,,224.0,False,MEDIUM,6.0,True,Williams,0 days 00:25:20.034000,2022-03-18 15:10:20.066,1,,False,,False,False,121.12
0 days 00:38:19.591000,LAT,6,0 days 00:01:34.486000,8.0,2.0,,,0 days 00:00:30.265000,0 days 00:00:40.618000,0 days 00:00:23.603000,0 days 00:37:15.370000,0 days 00:37:55.988000,0 days 00:38:19.591000,235.0,268.0,279.0,310.0,True,SOFT,2.0,True,Williams,0 days 00:36:45.105000,2022-03-18 15:21:45.137,1,,False,,False,True,94.486
0 days 00:40:38.293000,LAT,6,0 days 00:02:18.702000,9.0,2.0,,,0 days 00:00:38.812000,0 days 00:01:05.338000,0 days 00:00:34.552000,0 days 00:38:58.403000,0 days 00:40:03.741000,0 days 00:40:38.293000,210.0,113.0,280.0,293.0,False,SOFT,3.0,True,Williams,0 days 00:38:19.591000,2022-03-18 15:23:19.623,1,,False,,False,True,138.702
0 days 00:42:13.236000,LAT,6,0 days 00:01:34.943000,10.0,2.0,,,0 days 00:00:30.219000,0 days 00:00:40.840000,0 days 00:00:23.884000,0 days 00:41:08.512000,0 days 00:41:49.352000,0 days 00:42:13.236000,236.0,268.0,281.0,310.0,False,SOFT,4.0,True,Williams,0 days 00:40:38.293000,2022-03-18 15:25:38.325,1,,False,,False,True,94.943
0 days 00:44:11.223000,LAT,6,0 days 00:01:57.987000,11.0,2.0,,0 days 00:44:09.439000,0 days 00:00:37.267000,0 days 00:00:51.075000,0 days 00:00:29.645000,0 days 00:42:50.503000,0 days 00:43:41.578000,0 days 00:44:11.223000,218.0,235.0,,150.0,False,SOFT,5.0,True,Williams,0 days 00:42:13.236000,2022-03-18 15:27:13.268,1,,False,,False,False,117.987
0 days 00:53:43.069000,LAT,6,0 days 00:01:39.605000,13.0,3.0,,,0 days 00:00:32.164000,0 days 00:00:43.053000,0 days 00:00:24.388000,0 days 00:52:35.628000,0 days 00:53:18.681000,0 days 00:53:43.069000,228.0,254.0,270.0,290.0,False,MEDIUM,8.0,False,Williams,0 days 00:52:03.464000,2022-03-18 15:37:03.496,1,,False,,False,True,99.605
0 days 00:55:25.622000,LAT,6,0 days 00:01:42.553000,14.0,3.0,,0 days 00:55:23.801000,0 days 00:00:32.074000,0 days 00:00:43.468000,0 days 00:00:27.011000,0 days 00:54:15.143000,0 days 00:54:58.611000,0 days 00:55:25.622000,225.0,257.0,,282.0,False,MEDIUM,9.0,False,Williams,0 days 00:53:43.069000,2022-03-18 15:38:43.101,1,,False,,False,False,102.553
0 days 00:57:38.297000,LAT,6,0 days 00:02:12.675000,15.0,4.0,0 days 00:55:57.916000,,0 days 00:01:04.535000,0 days 00:00:43.414000,0 days 00:00:24.726000,0 days 00:56:30.157000,0 days 00:57:13.571000,0 days 00:57:38.297000,229.0,238.0,271.0,144.0,False,SOFT,6.0,False,Williams,0 days 00:55:25.622000,2022-03-18 15:40:25.654,1,,False,,False,False,132.675
0 days 00:59:18.534000,LAT,6,0 days 00:01:40.237000,16.0,4.0,,,0 days 00:00:31.870000,0 days 00:00:43.700000,0 days 00:00:24.667000,0 days 00:58:10.167000,0 days 00:58:53.867000,0 days 00:59:18.534000,227.0,241.0,271.0,285.0,False,SOFT,7.0,False,Williams,0 days 00:57:38.297000,2022-03-18 15:42:38.329,1,,False,,False,True,100.237
0 days 01:00:58.505000,LAT,6,0 days 00:01:39.971000,17.0,4.0,,,0 days 00:00:31.758000,0 days 00:00:43.500000,0 days 00:00:24.713000,0 days 00:59:50.292000,0 days 01:00:33.792000,0 days 01:00:58.505000,231.0,236.0,274.0,294.0,False,SOFT,8.0,False,Williams,0 days 00:59:18.534000,2022-03-18 15:44:18.566,1,,False,,False,True,99.971
0 days 01:02:38.366000,LAT,6,0 days 00:01:39.861000,18.0,4.0,,,0 days 00:00:31.721000,0 days 00:00:43.480000,0 days 00:00:24.660000,0 days 01:01:30.226000,0 days 01:02:13.706000,0 days 01:02:38.366000,230.0,241.0,272.0,296.0,False,SOFT,9.0,False,Williams,0 days 01:00:58.505000,2022-03-18 15:45:58.537,1,,False,,False,True,99.861
0 days 01:04:18.363000,LAT,6,0 days 00:01:39.997000,19.0,4.0,,,0 days 00:00:31.833000,0 days 00:00:43.476000,0 days 00:00:24.688000,0 days 01:03:10.199000,0 days 01:03:53.675000,0 days 01:04:18.363000,229.0,245.0,271.0,293.0,False,SOFT,10.0,False,Williams,0 days 01:02:38.366000,2022-03-18 15:47:38.398,1,,False,,False,True,99.997
0 days 01:05:58.316000,LAT,6,0 days 00:01:39.953000,20.0,4.0,,,0 days 00:00:32.019000,0 days 00:00:43.426000,0 days 00:00:24.508000,0 days 01:04:50.382000,0 days 01:05:33.808000,0 days 01:05:58.316000,230.0,246.0,271.0,291.0,False,SOFT,11.0,False,Williams,0 days 01:04:18.363000,2022-03-18 15:49:18.395,1,,False,,False,True,99.953
0 days 01:07:38.099000,LAT,6,0 days 00:01:39.783000,21.0,4.0,,,0 days 00:00:31.844000,0 days 00:00:43.354000,0 days 00:00:24.585000,0 days 01:06:30.160000,0 days 01:07:13.514000,0 days 01:07:38.099000,227.0,246.0,272.0,291.0,False,SOFT,12.0,False,Williams,0 days 01:05:58.316000,2022-03-18 15:50:58.348,1,,False,,False,True,99.783
0 days 01:09:17.812000,LAT,6,0 days 00:01:39.713000,22.0,4.0,,,0 days 00:00:31.726000,0 days 00:00:43.408000,0 days 00:00:24.579000,0 days 01:08:09.825000,0 days 01:08:53.233000,0 days 01:09:17.812000,228.0,244.0,272.0,294.0,False,SOFT,13.0,False,Williams,0 days 01:07:38.099000,2022-03-18 15:52:38.131,1,,False,,False,True,99.713
0 days 01:10:57.834000,LAT,6,0 days 00:01:40.022000,23.0,4.0,,,0 days 00:00:31.922000,0 days 00:00:43.536000,0 days 00:00:24.564000,0 days 01:09:49.734000,0 days 01:10:33.270000,0 days 01:10:57.834000,229.0,247.0,271.0,295.0,False,SOFT,14.0,False,Williams,0 days 01:09:17.812000,2022-03-18 15:54:17.844,1,,False,,False,True,100.022
0 days 01:12:38.042000,LAT,6,0 days 00:01:40.208000,24.0,4.0,,,0 days 00:00:31.914000,0 days 00:00:43.429000,0 days 00:00:24.865000,0 days 01:11:29.748000,0 days 01:12:13.177000,0 days 01:12:38.042000,227.0,252.0,271.0,291.0,False,SOFT,15.0,False,Williams,0 days 01:10:57.834000,2022-03-18 15:55:57.866,1,,False,,False,True,100.208
0 days 01:14:18.288000,LAT,6,0 days 00:01:40.246000,25.0,4.0,,,0 days 00:00:31.919000,0 days 00:00:43.487000,0 days 00:00:24.840000,0 days 01:13:09.961000,0 days 01:13:53.448000,0 days 01:14:18.288000,227.0,254.0,271.0,289.0,False,SOFT,16.0,False,Williams,0 days 01:12:38.042000,2022-03-18 15:57:38.074,1,,False,,False,True,100.246
0 days 01:15:59.065000,LAT,6,0 days 00:01:40.777000,26.0,4.0,,,0 days 00:00:31.984000,0 days 00:00:43.989000,0 days 00:00:24.804000,0 days 01:14:50.272000,0 days 01:15:34.261000,0 days 01:15:59.065000,229.0,257.0,272.0,295.0,False,SOFT,17.0,False,Williams,0 days 01:14:18.288000,2022-03-18 15:59:18.320,1,,False,,False,True,100.777
0 days 01:18:18.163000,LAT,6,0 days 00:02:19.098000,27.0,4.0,,,0 days 00:00:39.998000,0 days 00:00:53.503000,0 days 00:00:45.597000,0 days 01:16:39.063000,0 days 01:17:32.566000,0 days 01:18:18.163000,199.0,199.0,59.0,226.0,False,SOFT,18.0,False,Williams,0 days 01:15:59.065000,2022-03-18 16:00:59.097,1,,False,,False,True,139.098
0 days 00:19:51.060000,GAS,10,0 days 00:01:34.964000,2.0,1.0,,,0 days 00:00:30.272000,0 days 00:00:40.932000,0 days 00:00:23.760000,0 days 00:18:46.368000,0 days 00:19:27.300000,0 days 00:19:51.060000,232.0,265.0,280.0,312.0,True,MEDIUM,2.0,True,AlphaTauri,0 days 00:18:16.096000,2022-03-18 15:03:16.128,1,,False,,False,True,94.964
0 days 00:21:53.652000,GAS,10,0 days 00:02:02.592000,3.0,1.0,,,0 days 00:00:44.976000,0 days 00:00:52.316000,0 days 00:00:25.300000,0 days 00:20:36.036000,0 days 00:21:28.352000,0 days 00:21:53.652000,163.0,226.0,282.0,293.0,False,MEDIUM,3.0,True,AlphaTauri,0 days 00:19:51.060000,2022-03-18 15:04:51.092,1,,False,,False,True,122.592
0 days 00:23:28.749000,GAS,10,0 days 00:01:35.097000,4.0,1.0,,,0 days 00:00:30.291000,0 days 00:00:41.124000,0 days 00:00:23.682000,0 days 00:22:23.943000,0 days 00:23:05.067000,0 days 00:23:28.749000,233.0,264.0,283.0,314.0,False,MEDIUM,4.0,True,AlphaTauri,0 days 00:21:53.652000,2022-03-18 15:06:53.684,1,,False,,False,True,95.097
0 days 00:25:34.603000,GAS,10,0 days 00:02:05.854000,5.0,1.0,,,0 days 00:00:37.914000,0 days 00:01:00.420000,0 days 00:00:27.520000,0 days 00:24:06.663000,0 days 00:25:07.083000,0 days 00:25:34.603000,139.0,184.0,284.0,297.0,False,MEDIUM,5.0,True,AlphaTauri,0 days 00:23:28.749000,2022-03-18 15:08:28.781,1,,False,,False,True,125.854
0 days 00:27:09.508000,GAS,10,0 days 00:01:34.905000,6.0,1.0,,,0 days 00:00:30.327000,0 days 00:00:40.988000,0 days 00:00:23.590000,0 days 00:26:04.930000,0 days 00:26:45.918000,0 days 00:27:09.508000,234.0,266.0,286.0,314.0,True,MEDIUM,6.0,True,AlphaTauri,0 days 00:25:34.603000,2022-03-18 15:10:34.635,1,,False,,False,True,94.905
0 days 00:28:57.467000,GAS,10,0 days 00:01:47.959000,7.0,1.0,,0 days 00:28:55.692000,0 days 00:00:34.710000,0 days 00:00:44.756000,0 days 00:00:28.493000,0 days 00:27:44.218000,0 days 00:28:28.974000,0 days 00:28:57.467000,212.0,233.0,,305.0,False,MEDIUM,7.0,True,AlphaTauri,0 days 00:27:09.508000,2022-03-18 15:12:09.540,1,,False,,False,False,107.959
0 days 00:43:01.517000,GAS,10,0 days 00:01:33.621000,9.0,2.0,,,0 days 00:00:29.655000,0 days 00:00:40.323000,0 days 00:00:23.643000,0 days 00:41:57.551000,0 days 00:42:37.874000,0 days 00:43:01.517000,235.0,264.0,281.0,313.0,True,SOFT,2.0,True,AlphaTauri,0 days 00:41:27.896000,2022-03-18 15:26:27.928,1,,False,,False,True,93.621
0 days 00:45:21.426000,GAS,10,0 days 00:02:19.909000,10.0,2.0,,,0 days 00:00:42.280000,0 days 00:01:06.649000,0 days 00:00:30.980000,0 days 00:43:43.797000,0 days 00:44:50.446000,0 days 00:45:21.426000,115.0,185.0,281.0,286.0,False,SOFT,3.0,True,AlphaTauri,0 days 00:43:01.517000,2022-03-18 15:28:01.549,1,,False,,False,True,139.909
0 days 00:47:20.241000,GAS,10,0 days 00:01:58.815000,11.0,2.0,,,0 days 00:00:30.116000,0 days 00:01:01.631000,0 days 00:00:27.068000,0 days 00:45:51.542000,0 days 00:46:53.173000,0 days 00:47:20.241000,229.0,188.0,284.0,311.0,False,SOFT,4.0,True,AlphaTauri,0 days 00:45:21.426000,2022-03-18 15:30:21.458,1,,False,,False,True,118.815
0 days 00:48:54.050000,GAS,10,0 days 00:01:33.809000,12.0,2.0,,,0 days 00:00:29.782000,0 days 00:00:40.412000,0 days 00:00:23.615000,0 days 00:47:50.023000,0 days 00:48:30.435000,0 days 00:48:54.050000,234.0,264.0,282.0,313.0,False,SOFT,5.0,True,AlphaTauri,0 days 00:47:20.241000,2022-03-18 15:32:20.273,1,,False,,False,True,93.809
0 days 00:50:37.974000,GAS,10,0 days 00:01:43.924000,13.0,2.0,,0 days 00:50:36.215000,0 days 00:00:32.079000,0 days 00:00:43.959000,0 days 00:00:27.886000,0 days 00:49:26.129000,0 days 00:50:10.088000,0 days 00:50:37.974000,216.0,230.0,,302.0,False,SOFT,6.0,True,AlphaTauri,0 days 00:48:54.050000,2022-03-18 15:33:54.082,1,,False,,False,False,103.924
0 days 01:01:27.207000,GAS,10,0 days 00:01:38.495000,15.0,3.0,,,0 days 00:00:31.397000,0 days 00:00:42.648000,0 days 00:00:24.450000,0 days 01:00:20.109000,0 days 01:01:02.757000,0 days 01:01:27.207000,226.0,250.0,268.0,288.0,False,SOFT,8.0,False,AlphaTauri,0 days 00:59:48.712000,2022-03-18 15:44:48.744,1,,False,,False,True,98.495
0 days 01:03:05.912000,GAS,10,0 days 00:01:38.705000,16.0,3.0,,,0 days 00:00:31.521000,0 days 00:00:42.626000,0 days 00:00:24.558000,0 days 01:01:58.728000,0 days 01:02:41.354000,0 days 01:03:05.912000,223.0,250.0,268.0,283.0,False,SOFT,9.0,False,AlphaTauri,0 days 01:01:27.207000,2022-03-18 15:46:27.239,1,,False,,False,True,98.705
0 days 01:04:44.606000,GAS,10,0 days 00:01:38.694000,17.0,3.0,,,0 days 00:00:31.527000,0 days 00:00:42.526000,0 days 00:00:24.641000,0 days 01:03:37.439000,0 days 01:04:19.965000,0 days 01:04:44.606000,223.0,251.0,268.0,283.0,False,SOFT,10.0,False,AlphaTauri,0 days 01:03:05.912000,2022-03-18 15:48:05.944,1,,False,,False,True,98.694
0 days 01:06:24.138000,GAS,10,0 days 00:01:39.532000,18.0,3.0,,,0 days 00:00:31.657000,0 days 00:00:43.177000,0 days 00:00:24.698000,0 days 01:05:16.263000,0 days 01:05:59.440000,0 days 01:06:24.138000,223.0,238.0,269.0,283.0,False,SOFT,11.0,False,AlphaTauri,0 days 01:04:44.606000,2022-03-18 15:49:44.638,1,,False,,False,True,99.532
0 days 01:08:03.128000,GAS,10,0 days 00:01:38.990000,19.0,3.0,,,0 days 00:00:31.629000,0 days 00:00:42.831000,0 days 00:00:24.530000,0 days 01:06:55.767000,0 days 01:07:38.598000,0 days 01:08:03.128000,225.0,238.0,273.0,292.0,False,SOFT,12.0,False,AlphaTauri,0 days 01:06:24.138000,2022-03-18 15:51:24.170,1,,False,,False,True,98.99
0 days 01:09:41.978000,GAS,10,0 days 00:01:38.850000,20.0,3.0,,,0 days 00:00:31.480000,0 days 00:00:42.944000,0 days 00:00:24.426000,0 days 01:08:34.608000,0 days 01:09:17.552000,0 days 01:09:41.978000,230.0,245.0,272.0,292.0,False,SOFT,13.0,False,AlphaTauri,0 days 01:08:03.128000,2022-03-18 15:53:03.160,1,,False,,False,True,98.85
0 days 01:11:22.733000,GAS,10,0 days 00:01:40.755000,21.0,3.0,,0 days 01:11:20.926000,0 days 00:00:31.534000,0 days 00:00:42.640000,0 days 00:00:26.581000,0 days 01:10:13.512000,0 days 01:10:56.152000,0 days 01:11:22.733000,230.0,259.0,,290.0,False,SOFT,14.0,False,AlphaTauri,0 days 01:09:41.978000,2022-03-18 15:54:42.010,1,,False,,False,False,100.755
0 days 01:13:31.559000,GAS,10,0 days 00:02:08.826000,22.0,4.0,0 days 01:11:50.575000,,0 days 00:01:00.765000,0 days 00:00:43.467000,0 days 00:00:24.594000,0 days 01:12:23.498000,0 days 01:13:06.965000,0 days 01:13:31.559000,226.0,251.0,269.0,171.0,False,MEDIUM,8.0,False,AlphaTauri,0 days 01:11:22.733000,2022-03-18 15:56:22.765,1,,False,,False,False,128.826
0 days 01:15:09.657000,GAS,10,0 days 00:01:38.098000,23.0,4.0,,,0 days 00:00:31.502000,0 days 00:00:42.225000,0 days 00:00:24.371000,0 days 01:14:03.061000,0 days 01:14:45.286000,0 days 01:15:09.657000,228.0,258.0,269.0,290.0,False,MEDIUM,9.0,False,AlphaTauri,0 days 01:13:31.559000,2022-03-18 15:58:31.591,1,,False,,False,True,98.098
0 days 01:16:56.507000,GAS,10,0 days 00:01:46.850000,24.0,4.0,,0 days 01:16:54.694000,0 days 00:00:31.977000,0 days 00:00:45.056000,0 days 00:00:29.817000,0 days 01:15:41.634000,0 days 01:16:26.690000,0 days 01:16:56.507000,226.0,209.0,,290.0,False,MEDIUM,10.0,False,AlphaTauri,0 days 01:15:09.657000,2022-03-18 16:00:09.689,1,,False,,False,False,106.85
0 days 00:32:49.585000,PER,11,0 days 00:01:46.912000,2.0,1.0,,,0 days 00:00:30.189000,0 days 00:00:49.230000,0 days 00:00:27.493000,0 days 00:31:32.862000,0 days 00:32:22.092000,0 days 00:32:49.585000,232.0,214.0,280.0,311.0,True,MEDIUM,2.0,True,Red Bull Racing,0 days 00:31:02.673000,2022-03-18 15:16:02.705,1,,False,,False,True,106.912
0 days 00:34:23.885000,PER,11,0 days 00:01:34.300000,3.0,1.0,,,0 days 00:00:30.263000,0 days 00:00:40.545000,0 days 00:00:23.492000,0 days 00:33:19.848000,0 days 00:34:00.393000,0 days 00:34:23.885000,232.0,264.0,280.0,309.0,True,MEDIUM,3.0,True,Red Bull Racing,0 days 00:32:49.585000,2022-03-18 15:17:49.617,1,,False,,False,True,94.3
0 days 00:36:13.684000,PER,11,0 days 00:01:49.799000,4.0,1.0,,0 days 00:36:11.915000,0 days 00:00:36.010000,0 days 00:00:46.083000,0 days 00:00:27.706000,0 days 00:34:59.895000,0 days 00:35:45.978000,0 days 00:36:13.684000,209.0,229.0,,189.0,False,MEDIUM,4.0,True,Red Bull Racing,0 days 00:34:23.885000,2022-03-18 15:19:23.917,1,,False,,False,False,109.799
0 days 00:45:11.073000,PER,11,0 days 00:01:32.958000,6.0,2.0,,,0 days 00:00:30.029000,0 days 00:00:39.637000,0 days 00:00:23.292000,0 days 00:44:08.144000,0 days 00:44:47.781000,0 days 00:45:11.073000,232.0,265.0,281.0,310.0,True,SOFT,2.0,True,Red Bull Racing,0 days 00:43:38.115000,2022-03-18 15:28:38.147,1,,False,,False,True,92.958
0 days 00:47:25.979000,PER,11,0 days 00:02:14.906000,7.0,2.0,,,0 days 00:00:41.344000,0 days 00:01:01.896000,0 days 00:00:31.666000,0 days 00:45:52.417000,0 days 00:46:54.313000,0 days 00:47:25.979000,147.0,178.0,213.0,229.0,False,SOFT,3.0,True,Red Bull Racing,0 days 00:45:11.073000,2022-03-18 15:30:11.105,1,,False,,False,True,134.906
0 days 00:49:35.164000,PER,11,0 days 00:02:09.185000,8.0,2.0,,,0 days 00:00:40.470000,0 days 00:00:59.675000,0 days 00:00:29.040000,0 days 00:48:06.449000,0 days 00:49:06.124000,0 days 00:49:35.164000,152.0,149.0,280.0,215.0,False,SOFT,4.0,True,Red Bull Racing,0 days 00:47:25.979000,2022-03-18 15:32:26.011,1,,False,,False,True,129.185
0 days 00:51:15.895000,PER,11,0 days 00:01:40.731000,9.0,2.0,,0 days 00:51:14.120000,0 days 00:00:30.003000,0 days 00:00:42.478000,0 days 00:00:28.250000,0 days 00:50:05.167000,0 days 00:50:47.645000,0 days 00:51:15.895000,234.0,228.0,,309.0,False,SOFT,5.0,True,Red Bull Racing,0 days 00:49:35.164000,2022-03-18 15:34:35.196,1,,False,,False,False,100.731
0 days 01:02:52.634000,PER,11,0 days 00:02:09.119000,11.0,4.0,0 days 01:01:03.164000,,0 days 00:00:59.781000,0 days 00:00:45.119000,0 days 00:00:24.219000,0 days 01:01:43.296000,0 days 01:02:28.415000,0 days 01:02:52.634000,220.0,244.0,268.0,193.0,False,SOFT,7.0,False,Red Bull Racing,0 days 01:00:43.515000,2022-03-18 15:45:43.547,1,,False,,False,False,129.119
0 days 01:04:29.852000,PER,11,0 days 00:01:37.218000,12.0,4.0,,,0 days 00:00:31.170000,0 days 00:00:41.786000,0 days 00:00:24.262000,0 days 01:03:23.804000,0 days 01:04:05.590000,0 days 01:04:29.852000,222.0,255.0,268.0,290.0,False,SOFT,8.0,False,Red Bull Racing,0 days 01:02:52.634000,2022-03-18 15:47:52.666,1,,False,,False,True,97.218
0 days 01:06:07.813000,PER,11,0 days 00:01:37.961000,13.0,4.0,,,0 days 00:00:31.481000,0 days 00:00:41.840000,0 days 00:00:24.640000,0 days 01:05:01.333000,0 days 01:05:43.173000,0 days 01:06:07.813000,219.0,255.0,268.0,290.0,False,SOFT,9.0,False,Red Bull Racing,0 days 01:04:29.852000,2022-03-18 15:49:29.884,1,,False,,False,True,97.961
0 days 01:07:46.234000,PER,11,0 days 00:01:38.421000,14.0,4.0,,,0 days 00:00:31.678000,0 days 00:00:42.348000,0 days 00:00:24.395000,0 days 01:06:39.491000,0 days 01:07:21.839000,0 days 01:07:46.234000,226.0,255.0,268.0,290.0,False,SOFT,10.0,False,Red Bull Racing,0 days 01:06:07.813000,2022-03-18 15:51:07.845,1,,False,,False,True,98.421
0 days 01:09:24.252000,PER,11,0 days 00:01:38.018000,15.0,4.0,,,0 days 00:00:31.485000,0 days 00:00:42.095000,0 days 00:00:24.438000,0 days 01:08:17.719000,0 days 01:08:59.814000,0 days 01:09:24.252000,222.0,253.0,268.0,289.0,False,SOFT,11.0,False,Red Bull Racing,0 days 01:07:46.234000,2022-03-18 15:52:46.266,1,,False,,False,True,98.018
0 days 01:11:02.617000,PER,11,0 days 00:01:38.365000,16.0,4.0,,,0 days 00:00:31.559000,0 days 00:00:42.438000,0 days 00:00:24.368000,0 days 01:09:55.811000,0 days 01:10:38.249000,0 days 01:11:02.617000,220.0,255.0,268.0,289.0,False,SOFT,12.0,False,Red Bull Racing,0 days 01:09:24.252000,2022-03-18 15:54:24.284,1,,False,,False,True,98.365
0 days 01:12:40.937000,PER,11,0 days 00:01:38.320000,17.0,4.0,,,0 days 00:00:31.500000,0 days 00:00:42.346000,0 days 00:00:24.474000,0 days 01:11:34.117000,0 days 01:12:16.463000,0 days 01:12:40.937000,220.0,256.0,269.0,289.0,False,SOFT,13.0,False,Red Bull Racing,0 days 01:11:02.617000,2022-03-18 15:56:02.649,1,,False,,False,True,98.32
0 days 01:14:21.218000,PER,11,0 days 00:01:40.281000,18.0,4.0,,,0 days 00:00:31.478000,0 days 00:00:42.653000,0 days 00:00:26.150000,0 days 01:13:12.415000,0 days 01:13:55.068000,0 days 01:14:21.218000,222.0,246.0,272.0,290.0,False,SOFT,14.0,False,Red Bull Racing,0 days 01:12:40.937000,2022-03-18 15:57:40.969,1,,False,,False,True,100.281
0 days 01:15:59.628000,PER,11,0 days 00:01:38.410000,19.0,4.0,,,0 days 00:00:31.515000,0 days 00:00:42.500000,0 days 00:00:24.395000,0 days 01:14:52.733000,0 days 01:15:35.233000,0 days 01:15:59.628000,227.0,256.0,281.0,289.0,False,SOFT,15.0,False,Red Bull Racing,0 days 01:14:21.218000,2022-03-18 15:59:21.250,1,,False,,False,True,98.41
0 days 01:17:59.718000,PER,11,0 days 00:02:00.090000,20.0,4.0,,0 days 01:17:57.753000,0 days 00:00:37.413000,0 days 00:00:50.443000,0 days 00:00:32.234000,0 days 01:16:37.041000,0 days 01:17:27.484000,0 days 01:17:59.718000,202.0,174.0,,269.0,False,SOFT,16.0,False,Red Bull Racing,0 days 01:15:59.628000,2022-03-18 16:00:59.660,1,,False,,False,False,120.09
0 days 00:21:55.400000,ALO,14,0 days 00:01:34.372000,2.0,1.0,,,0 days 00:00:30.370000,0 days 00:00:40.403000,0 days 00:00:23.599000,0 days 00:20:51.398000,0 days 00:21:31.801000,0 days 00:21:55.400000,233.0,264.0,286.0,315.0,True,MEDIUM,2.0,True,Alpine,0 days 00:20:21.028000,2022-03-18 15:05:21.060,1,,False,,False,True,94.372
0 days 00:23:48.981000,ALO,14,0 days 00:01:53.581000,3.0,1.0,,,0 days 00:00:35.120000,0 days 00:00:49.811000,0 days 00:00:28.650000,0 days 00:22:30.520000,0 days 00:23:20.331000,0 days 00:23:48.981000,207.0,211.0,281.0,299.0,False,MEDIUM,3.0,True,Alpine,0 days 00:21:55.400000,2022-03-18 15:06:55.432,1,,False,,False,True,113.581
0 days 00:25:23.781000,ALO,14,0 days 00:01:34.800000,4.0,1.0,,,0 days 00:00:30.419000,0 days 00:00:40.627000,0 days 00:00:23.754000,0 days 00:24:19.400000,0 days 00:25:00.027000,0 days 00:25:23.781000,233.0,262.0,281.0,312.0,False,MEDIUM,4.0,True,Alpine,0 days 00:23:48.981000,2022-03-18 15:08:49.013,1,,False,,False,True,94.8
0 days 00:27:17.327000,ALO,14,0 days 00:01:53.546000,5.0,1.0,,0 days 00:27:15.514000,0 days 00:00:33.891000,0 days 00:00:49.621000,0 days 00:00:30.034000,0 days 00:25:57.672000,0 days 00:26:47.293000,0 days 00:27:17.327000,217.0,217.0,,293.0,False,MEDIUM,5.0,True,Alpine,0 days 00:25:23.781000,2022-03-18 15:10:23.813,1,,False,,False,False,113.546
0 days 00:40:51.191000,ALO,14,0 days 00:01:32.877000,7.0,2.0,,,0 days 00:00:29.800000,0 days 00:00:39.682000,0 days 00:00:23.395000,0 days 00:39:48.114000,0 days 00:40:27.796000,0 days 00:40:51.191000,237.0,268.0,285.0,313.0,True,SOFT,2.0,True,Alpine,0 days 00:39:18.314000,2022-03-18 15:24:18.346,1,,False,,False,True,92.877
0 days 00:42:49.196000,ALO,14,0 days 00:01:58.005000,8.0,2.0,,,0 days 00:00:38.836000,0 days 00:00:52.243000,0 days 00:00:26.926000,0 days 00:41:30.027000,0 days 00:42:22.270000,0 days 00:42:49.196000,186.0,207.0,284.0,202.0,False,SOFT,3.0,True,Alpine,0 days 00:40:51.191000,2022-03-18 15:25:51.223,1,,False,,False,True,118.005
0 days 00:44:22.592000,ALO,14,0 days 00:01:33.396000,9.0,2.0,,,0 days 00:00:29.963000,0 days 00:00:39.932000,0 days 00:00:23.501000,0 days 00:43:19.159000,0 days 00:43:59.091000,0 days 00:44:22.592000,235.0,264.0,282.0,312.0,False,SOFT,4.0,True,Alpine,0 days 00:42:49.196000,2022-03-18 15:27:49.228,1,,False,,False,True,93.396
0 days 00:46:13.672000,ALO,14,0 days 00:01:51.080000,10.0,2.0,,0 days 00:46:11.897000,0 days 00:00:32.283000,0 days 00:00:50.168000,0 days 00:00:28.629000,0 days 00:44:54.875000,0 days 00:45:45.043000,0 days 00:46:13.672000,220.0,200.0,,287.0,False,SOFT,5.0,True,Alpine,0 days 00:44:22.592000,2022-03-18 15:29:22.624,1,,False,,False,False,111.08
0 days 00:58:13.544000,ALO,14,0 days 00:01:38.236000,12.0,3.0,,,0 days 00:00:31.623000,0 days 00:00:42.297000,0 days 00:00:24.316000,0 days 00:57:06.931000,0 days 00:57:49.228000,0 days 00:58:13.544000,225.0,253.0,270.0,280.0,False,MEDIUM,7.0,False,Alpine,0 days 00:56:35.308000,2022-03-18 15:41:35.340,1,,False,,False,True,98.236
0 days 00:59:51.710000,ALO,14,0 days 00:01:38.166000,13.0,3.0,,,0 days 00:00:31.497000,0 days 00:00:42.235000,0 days 00:00:24.434000,0 days 00:58:45.041000,0 days 00:59:27.276000,0 days 00:59:51.710000,226.0,254.0,271.0,281.0,False,MEDIUM,8.0,False,Alpine,0 days 00:58:13.544000,2022-03-18 15:43:13.576,1,,False,,False,True,98.166
0 days 01:01:30.078000,ALO,14,0 days 00:01:38.368000,14.0,3.0,,,0 days 00:00:31.540000,0 days 00:00:42.439000,0 days 00:00:24.389000,0 days 01:00:23.250000,0 days 01:01:05.689000,0 days 01:01:30.078000,226.0,255.0,281.0,283.0,False,MEDIUM,9.0,False,Alpine,0 days 00:59:51.710000,2022-03-18 15:44:51.742,1,,False,,False,True,98.368
0 days 01:03:08.332000,ALO,14,0 days 00:01:38.254000,15.0,3.0,,,0 days 00:00:31.388000,0 days 00:00:42.454000,0 days 00:00:24.412000,0 days 01:02:01.466000,0 days 01:02:43.920000,0 days 01:03:08.332000,226.0,253.0,271.0,311.0,False,MEDIUM,10.0,False,Alpine,0 days 01:01:30.078000,2022-03-18 15:46:30.110,1,,False,,False,True,98.254
0 days 01:04:46.913000,ALO,14,0 days 00:01:38.581000,16.0,3.0,,,0 days 00:00:31.716000,0 days 00:00:42.495000,0 days 00:00:24.370000,0 days 01:03:40.048000,0 days 01:04:22.543000,0 days 01:04:46.913000,227.0,255.0,272.0,286.0,False,MEDIUM,11.0,False,Alpine,0 days 01:03:08.332000,2022-03-18 15:48:08.364,1,,False,,False,True,98.581
0 days 01:06:26.260000,ALO,14,0 days 00:01:39.347000,17.0,3.0,,,0 days 00:00:31.721000,0 days 00:00:42.667000,0 days 00:00:24.959000,0 days 01:05:18.634000,0 days 01:06:01.301000,0 days 01:06:26.260000,226.0,252.0,269.0,284.0,False,MEDIUM,12.0,False,Alpine,0 days 01:04:46.913000,2022-03-18 15:49:46.945,1,,False,,False,True,99.347
0 days 01:08:05.256000,ALO,14,0 days 00:01:38.996000,18.0,3.0,,,0 days 00:00:31.814000,0 days 00:00:42.590000,0 days 00:00:24.592000,0 days 01:06:58.074000,0 days 01:07:40.664000,0 days 01:08:05.256000,227.0,254.0,272.0,286.0,False,MEDIUM,13.0,False,Alpine,0 days 01:06:26.260000,2022-03-18 15:51:26.292,1,,False,,False,True,98.996
0 days 01:09:44.221000,ALO,14,0 days 00:01:38.965000,19.0,3.0,,,0 days 00:00:31.764000,0 days 00:00:42.805000,0 days 00:00:24.396000,0 days 01:08:37.020000,0 days 01:09:19.825000,0 days 01:09:44.221000,227.0,254.0,273.0,287.0,False,MEDIUM,14.0,False,Alpine,0 days 01:08:05.256000,2022-03-18 15:53:05.288,1,,False,,False,True,98.965
0 days 01:11:25.936000,ALO,14,0 days 00:01:41.715000,20.0,3.0,,0 days 01:11:24.138000,0 days 00:00:31.704000,0 days 00:00:42.758000,0 days 00:00:27.253000,0 days 01:10:15.925000,0 days 01:10:58.683000,0 days 01:11:25.936000,228.0,252.0,,289.0,False,MEDIUM,15.0,False,Alpine,0 days 01:09:44.221000,2022-03-18 15:54:44.253,1,,False,,False,False,101.715
0 days 01:13:27.042000,ALO,14,0 days 00:02:01.106000,21.0,4.0,0 days 01:11:49.408000,,0 days 00:00:54.210000,0 days 00:00:42.311000,0 days 00:00:24.585000,0 days 01:12:20.146000,0 days 01:13:02.457000,0 days 01:13:27.042000,226.0,250.0,271.0,211.0,False,SOFT,6.0,False,Alpine,0 days 01:11:25.936000,2022-03-18 15:56:25.968,1,,False,,False,False,121.106
0 days 01:15:04.316000,ALO,14,0 days 00:01:37.274000,22.0,4.0,,,0 days 00:00:31.225000,0 days 00:00:41.906000,0 days 00:00:24.143000,0 days 01:13:58.267000,0 days 01:14:40.173000,0 days 01:15:04.316000,227.0,252.0,282.0,292.0,False,SOFT,7.0,False,Alpine,0 days 01:13:27.042000,2022-03-18 15:58:27.074,1,,False,,False,True,97.274
0 days 01:17:05.020000,ALO,14,0 days 00:02:00.704000,23.0,4.0,,,0 days 00:00:32.553000,0 days 00:00:49.359000,0 days 00:00:38.792000,0 days 01:15:36.869000,0 days 01:16:26.228000,0 days 01:17:05.020000,178.0,180.0,66.0,308.0,False,SOFT,8.0,False,Alpine,0 days 01:15:04.316000,2022-03-18 16:00:04.348,1,,False,,False,True,120.704
0 days 01:19:24.103000,ALO,14,0 days 00:02:19.083000,24.0,4.0,,0 days 01:19:22.278000,0 days 00:01:04.925000,0 days 00:00:45.560000,0 days 00:00:28.598000,0 days 01:18:09.945000,0 days 01:18:55.505000,0 days 01:19:24.103000,220.0,199.0,,246.0,False,SOFT,9.0,False,Alpine,0 days 01:17:05.020000,2022-03-18 16:02:05.052,1,,False,,False,False,139.083
0 days 00:19:28.210000,LEC,16,0 days 00:01:33.121000,2.0,1.0,,,0 days 00:00:30.010000,0 days 00:00:39.787000,0 days 00:00:23.324000,0 days 00:18:25.099000,0 days 00:19:04.886000,0 days 00:19:28.210000,236.0,266.0,283.0,311.0,True,MEDIUM,2.0,True,Ferrari,0 days 00:17:55.089000,2022-03-18 15:02:55.121,1,,False,,False,True,93.121
0 days 00:21:43.232000,LEC,16,0 days 00:02:15.022000,3.0,1.0,,,0 days 00:00:45.304000,0 days 00:01:02.037000,0 days 00:00:27.681000,0 days 00:20:13.514000,0 days 00:21:15.551000,0 days 00:21:43.232000,134.0,204.0,282.0,271.0,False,MEDIUM,3.0,True,Ferrari,0 days 00:19:28.210000,2022-03-18 15:04:28.242,1,,False,,False,True,135.022
0 days 00:23:16.691000,LEC,16,0 days 00:01:33.459000,4.0,1.0,,,0 days 00:00:29.997000,0 days 00:00:39.986000,0 days 00:00:23.476000,0 days 00:22:13.229000,0 days 00:22:53.215000,0 days 00:23:16.691000,235.0,265.0,283.0,311.0,False,MEDIUM,4.0,True,Ferrari,0 days 00:21:43.232000,2022-03-18 15:06:43.264,1,,False,,False,True,93.459
0 days 00:25:13.621000,LEC,16,0 days 00:01:56.930000,5.0,1.0,,0 days 00:25:11.852000,0 days 00:00:35.216000,0 days 00:00:52.377000,0 days 00:00:29.337000,0 days 00:23:51.907000,0 days 00:24:44.284000,0 days 00:25:13.621000,168.0,215.0,,298.0,False,MEDIUM,5.0,True,Ferrari,0 days 00:23:16.691000,2022-03-18 15:08:16.723,1,,False,,False,False,116.93
0 days 00:27:28.286000,LEC,16,0 days 00:02:14.665000,6.0,2.0,0 days 00:25:36.466000,0 days 00:27:26.531000,0 days 00:01:04.746000,0 days 00:00:42.898000,0 days 00:00:27.021000,0 days 00:26:18.367000,0 days 00:27:01.265000,0 days 00:27:28.286000,221.0,247.0,,209.0,False,MEDIUM,6.0,False,Ferrari,0 days 00:25:13.621000,2022-03-18 15:10:13.653,1,,False,,False,False,134.665
0 days 00:42:19.298000,LEC,16,0 days 00:01:32.263000,8.0,3.0,,,0 days 00:00:29.542000,0 days 00:00:39.445000,0 days 00:00:23.276000,0 days 00:41:16.577000,0 days 00:41:56.022000,0 days 00:42:19.298000,237.0,267.0,283.0,311.0,True,SOFT,2.0,True,Ferrari,0 days 00:40:47.035000,2022-03-18 15:25:47.067,1,,False,,False,True,92.263
0 days 00:44:17.721000,LEC,16,0 days 00:01:58.423000,9.0,3.0,,0 days 00:44:15.898000,0 days 00:00:39.506000,0 days 00:00:49.789000,0 days 00:00:29.128000,0 days 00:42:58.804000,0 days 00:43:48.593000,0 days 00:44:17.721000,154.0,218.0,,276.0,False,SOFT,3.0,True,Ferrari,0 days 00:42:19.298000,2022-03-18 15:27:19.330,1,,False,,False,False,118.423
0 days 00:48:27.750000,LEC,16,0 days 00:01:32.023000,11.0,4.0,,,0 days 00:00:29.454000,0 days 00:00:39.482000,0 days 00:00:23.087000,0 days 00:47:25.181000,0 days 00:48:04.663000,0 days 00:48:27.750000,238.0,268.0,284.0,311.0,True,SOFT,5.0,False,Ferrari,0 days 00:46:55.727000,2022-03-18 15:31:55.759,1,,False,,False,True,92.023
0 days 00:50:26.882000,LEC,16,0 days 00:01:59.132000,12.0,4.0,,0 days 00:50:25.078000,0 days 00:00:34.251000,0 days 00:00:50.194000,0 days 00:00:34.687000,0 days 00:49:02.001000,0 days 00:49:52.195000,0 days 00:50:26.882000,188.0,167.0,,300.0,False,SOFT,6.0,False,Ferrari,0 days 00:48:27.750000,2022-03-18 15:33:27.782,1,,False,,False,False,119.132
0 days 01:02:27.534000,LEC,16,0 days 00:01:41,14.0,5.0,,,0 days 00:00:31.051000,0 days 00:00:45.147000,0 days 00:00:24.802000,0 days 01:01:17.585000,0 days 01:02:02.732000,0 days 01:02:27.534000,221.0,225.0,281.0,310.0,False,SOFT,2.0,True,Ferrari,0 days 01:00:46.534000,2022-03-18 15:45:46.566,1,,False,,False,True,101.0
0 days 01:04:08.845000,LEC,16,0 days 00:01:41.311000,15.0,5.0,,0 days 01:04:07.067000,0 days 00:00:29.481000,0 days 00:00:44.366000,0 days 00:00:27.464000,0 days 01:02:57.015000,0 days 01:03:41.381000,0 days 01:04:08.845000,237.0,241.0,,311.0,False,SOFT,3.0,True,Ferrari,0 days 01:02:27.534000,2022-03-18 15:47:27.566,1,,False,,False,False,101.311
0 days 01:13:44.788000,LEC,16,0 days 00:01:37.169000,17.0,6.0,,,0 days 00:00:31.230000,0 days 00:00:41.807000,0 days 00:00:24.132000,0 days 01:12:38.849000,0 days 01:13:20.656000,0 days 01:13:44.788000,227.0,251.0,269.0,285.0,False,SOFT,8.0,False,Ferrari,0 days 01:12:07.619000,2022-03-18 15:57:07.651,1,,False,,False,True,97.169
0 days 01:15:22.618000,LEC,16,0 days 00:01:37.830000,18.0,6.0,,,0 days 00:00:31.297000,0 days 00:00:42.009000,0 days 00:00:24.524000,0 days 01:14:16.085000,0 days 01:14:58.094000,0 days 01:15:22.618000,230.0,258.0,267.0,289.0,False,SOFT,9.0,False,Ferrari,0 days 01:13:44.788000,2022-03-18 15:58:44.820,1,,False,,False,True,97.83
0 days 01:17:21.637000,LEC,16,0 days 00:01:59.019000,19.0,6.0,,,0 days 00:00:31.744000,0 days 00:00:49.359000,0 days 00:00:37.916000,0 days 01:15:54.362000,0 days 01:16:43.721000,0 days 01:17:21.637000,227.0,200.0,53.0,285.0,False,SOFT,10.0,False,Ferrari,0 days 01:15:22.618000,2022-03-18 16:00:22.650,1,,False,,False,True,119.019
0 days 01:19:35.679000,LEC,16,0 days 00:02:14.042000,20.0,6.0,,0 days 01:19:33.874000,0 days 00:01:02.882000,0 days 00:00:44.501000,0 days 00:00:26.659000,0 days 01:18:24.519000,0 days 01:19:09.020000,0 days 01:19:35.679000,224.0,240.0,,236.0,False,SOFT,11.0,False,Ferrari,0 days 01:17:21.637000,2022-03-18 16:02:21.669,1,,False,,False,False,134.042
0 days 00:18:39.258000,STR,18,0 days 00:01:35.531000,2.0,1.0,,,0 days 00:00:30.712000,0 days 00:00:40.954000,0 days 00:00:23.865000,0 days 00:17:34.439000,0 days 00:18:15.393000,0 days 00:18:39.258000,233.0,264.0,268.0,303.0,True,MEDIUM,2.0,True,Aston Martin,0 days 00:17:03.727000,2022-03-18 15:02:03.759,1,,False,,False,True,95.531
0 days 00:20:29.752000,STR,18,0 days 00:01:50.494000,3.0,1.0,,,0 days 00:00:34.702000,0 days 00:00:45.842000,0 days 00:00:29.950000,0 days 00:19:13.960000,0 days 00:19:59.802000,0 days 00:20:29.752000,212.0,229.0,275.0,263.0,False,MEDIUM,3.0,True,Aston Martin,0 days 00:18:39.258000,2022-03-18 15:03:39.290,1,,False,,False,True,110.494
0 days 00:22:05.763000,STR,18,0 days 00:01:36.011000,4.0,1.0,,,0 days 00:00:30.852000,0 days 00:00:41.043000,0 days 00:00:24.116000,0 days 00:21:00.604000,0 days 00:21:41.647000,0 days 00:22:05.763000,233.0,264.0,276.0,305.0,False,MEDIUM,4.0,True,Aston Martin,0 days 00:20:29.752000,2022-03-18 15:05:29.784,1,,False,,False,True,96.011
0 days 00:26:36.811000,STR,18,0 days 00:01:48.337000,6.0,1.0,,0 days 00:26:34.980000,0 days 00:00:30.927000,0 days 00:00:48.480000,0 days 00:00:28.930000,0 days 00:25:19.401000,0 days 00:26:07.881000,0 days 00:26:36.811000,233.0,216.0,,304.0,False,MEDIUM,6.0,True,Aston Martin,0 days 00:24:48.474000,2022-03-18 15:09:48.506,1,,False,,False,False,108.337
0 days 00:37:11.933000,STR,18,0 days 00:01:33.958000,8.0,2.0,,,0 days 00:00:30.088000,0 days 00:00:40.251000,0 days 00:00:23.619000,0 days 00:36:08.063000,0 days 00:36:48.314000,0 days 00:37:11.933000,237.0,263.0,277.0,306.0,True,SOFT,2.0,True,Aston Martin,0 days 00:35:37.975000,2022-03-18 15:20:38.007,1,,False,,False,True,93.958
0 days 00:41:42.765000,STR,18,0 days 00:02:07.265000,10.0,2.0,,,0 days 00:00:43.502000,0 days 00:00:58.947000,0 days 00:00:24.816000,0 days 00:40:19.002000,0 days 00:41:17.949000,0 days 00:41:42.765000,165.0,238.0,275.0,265.0,False,SOFT,4.0,True,Aston Martin,0 days 00:39:35.500000,2022-03-18 15:24:35.532,1,,False,,False,True,127.265
0 days 00:43:17.254000,STR,18,0 days 00:01:34.489000,11.0,2.0,,,0 days 00:00:30.427000,0 days 00:00:40.383000,0 days 00:00:23.679000,0 days 00:42:13.192000,0 days 00:42:53.575000,0 days 00:43:17.254000,234.0,260.0,273.0,302.0,False,SOFT,5.0,True,Aston Martin,0 days 00:41:42.765000,2022-03-18 15:26:42.797,1,,False,,False,True,94.489
0 days 00:45:18.294000,STR,18,0 days 00:02:01.040000,12.0,2.0,,0 days 00:45:16.512000,0 days 00:00:33.667000,0 days 00:00:57.091000,0 days 00:00:30.282000,0 days 00:43:50.921000,0 days 00:44:48.012000,0 days 00:45:18.294000,181.0,119.0,,268.0,False,SOFT,6.0,True,Aston Martin,0 days 00:43:17.254000,2022-03-18 15:28:17.286,1,,False,,False,False,121.04
0 days 01:00:06.347000,STR,18,0 days 00:01:39.005000,14.0,3.0,,,0 days 00:00:31.692000,0 days 00:00:42.823000,0 days 00:00:24.490000,0 days 00:58:59.034000,0 days 00:59:41.857000,0 days 01:00:06.347000,226.0,251.0,265.0,280.0,False,SOFT,8.0,False,Aston Martin,0 days 00:58:27.342000,2022-03-18 15:43:27.374,1,,False,,False,True,99.005
0 days 01:01:45.129000,STR,18,0 days 00:01:38.782000,15.0,3.0,,,0 days 00:00:31.682000,0 days 00:00:42.547000,0 days 00:00:24.553000,0 days 01:00:38.029000,0 days 01:01:20.576000,0 days 01:01:45.129000,229.0,247.0,266.0,281.0,False,SOFT,9.0,False,Aston Martin,0 days 01:00:06.347000,2022-03-18 15:45:06.379,1,,False,,False,True,98.782
0 days 01:03:24.832000,STR,18,0 days 00:01:39.703000,16.0,3.0,,,0 days 00:00:31.760000,0 days 00:00:43.311000,0 days 00:00:24.632000,0 days 01:02:16.889000,0 days 01:03:00.200000,0 days 01:03:24.832000,229.0,252.0,266.0,282.0,False,SOFT,10.0,False,Aston Martin,0 days 01:01:45.129000,2022-03-18 15:46:45.161,1,,False,,False,True,99.703
0 days 01:05:04.150000,STR,18,0 days 00:01:39.318000,17.0,3.0,,,0 days 00:00:31.858000,0 days 00:00:42.908000,0 days 00:00:24.552000,0 days 01:03:56.690000,0 days 01:04:39.598000,0 days 01:05:04.150000,228.0,249.0,275.0,278.0,False,SOFT,11.0,False,Aston Martin,0 days 01:03:24.832000,2022-03-18 15:48:24.864,1,,False,,False,True,99.318
0 days 01:06:43.582000,STR,18,0 days 00:01:39.432000,18.0,3.0,,,0 days 00:00:31.641000,0 days 00:00:42.978000,0 days 00:00:24.813000,0 days 01:05:35.791000,0 days 01:06:18.769000,0 days 01:06:43.582000,228.0,250.0,274.0,300.0,False,SOFT,12.0,False,Aston Martin,0 days 01:05:04.150000,2022-03-18 15:50:04.182,1,,False,,False,True,99.432
0 days 01:08:28.333000,STR,18,0 days 00:01:44.751000,19.0,3.0,,,0 days 00:00:31.684000,0 days 00:00:45.273000,0 days 00:00:27.794000,0 days 01:07:15.266000,0 days 01:08:00.539000,0 days 01:08:28.333000,230.0,151.0,267.0,301.0,False,SOFT,13.0,False,Aston Martin,0 days 01:06:43.582000,2022-03-18 15:51:43.614,1,,False,,False,True,104.751
0 days 01:10:07.592000,STR,18,0 days 00:01:39.259000,20.0,3.0,,,0 days 00:00:31.788000,0 days 00:00:42.902000,0 days 00:00:24.569000,0 days 01:09:00.121000,0 days 01:09:43.023000,0 days 01:10:07.592000,225.0,249.0,266.0,286.0,False,SOFT,14.0,False,Aston Martin,0 days 01:08:28.333000,2022-03-18 15:53:28.365,1,,False,,False,True,99.259
0 days 01:11:47.237000,STR,18,0 days 00:01:39.645000,21.0,3.0,,,0 days 00:00:31.944000,0 days 00:00:42.930000,0 days 00:00:24.771000,0 days 01:10:39.536000,0 days 01:11:22.466000,0 days 01:11:47.237000,228.0,252.0,267.0,276.0,False,SOFT,15.0,False,Aston Martin,0 days 01:10:07.592000,2022-03-18 15:55:07.624,1,,False,,False,True,99.645
0 days 01:13:29.439000,STR,18,0 days 00:01:42.202000,22.0,3.0,,0 days 01:13:27.654000,0 days 00:00:31.856000,0 days 00:00:43.091000,0 days 00:00:27.255000,0 days 01:12:19.093000,0 days 01:13:02.184000,0 days 01:13:29.439000,229.0,251.0,,279.0,False,SOFT,16.0,False,Aston Martin,0 days 01:11:47.237000,2022-03-18 15:56:47.269,1,,False,,False,False,102.202
0 days 01:15:30.558000,STR,18,0 days 00:02:01.119000,23.0,4.0,0 days 01:13:53.545000,,0 days 00:00:54.075000,0 days 00:00:42.567000,0 days 00:00:24.477000,0 days 01:14:23.514000,0 days 01:15:06.081000,0 days 01:15:30.558000,228.0,252.0,266.0,213.0,False,MEDIUM,7.0,False,Aston Martin,0 days 01:13:29.439000,2022-03-18 15:58:29.471,1,,False,,False,False,121.119
0 days 01:17:42.788000,STR,18,0 days 00:02:12.230000,24.0,4.0,,,0 days 00:00:37.707000,0 days 00:00:55.118000,0 days 00:00:39.405000,0 days 01:16:08.265000,0 days 01:17:03.383000,0 days 01:17:42.788000,136.0,155.0,51.0,232.0,False,MEDIUM,8.0,False,Aston Martin,0 days 01:15:30.558000,2022-03-18 16:00:30.590,1,,False,,False,True,132.23
0 days 00:18:25.400000,MAG,20,0 days 00:01:34.572000,2.0,1.0,,,0 days 00:00:30.326000,0 days 00:00:40.652000,0 days 00:00:23.594000,0 days 00:17:21.154000,0 days 00:18:01.806000,0 days 00:18:25.400000,234.0,264.0,283.0,308.0,True,MEDIUM,2.0,True,Haas F1 Team,0 days 00:16:50.828000,2022-03-18 15:01:50.860,1,,False,,False,True,94.572
0 days 00:20:42.364000,MAG,20,0 days 00:02:16.964000,3.0,1.0,,,0 days 00:00:40.938000,0 days 00:01:09.081000,0 days 00:00:26.945000,0 days 00:19:06.338000,0 days 00:20:15.419000,0 days 00:20:42.364000,114.0,184.0,281.0,280.0,False,MEDIUM,3.0,True,Haas F1 Team,0 days 00:18:25.400000,2022-03-18 15:03:25.432,1,,False,,False,True,136.964
0 days 00:22:17.146000,MAG,20,0 days 00:01:34.782000,4.0,1.0,,,0 days 00:00:30.467000,0 days 00:00:40.624000,0 days 00:00:23.691000,0 days 00:21:12.831000,0 days 00:21:53.455000,0 days 00:22:17.146000,234.0,264.0,283.0,312.0,False,MEDIUM,4.0,True,Haas F1 Team,0 days 00:20:42.364000,2022-03-18 15:05:42.396,1,,False,,False,True,94.782
0 days 00:26:50.883000,MAG,20,0 days 00:01:53.617000,6.0,1.0,,0 days 00:26:49.059000,0 days 00:00:33.819000,0 days 00:00:51.518000,0 days 00:00:28.280000,0 days 00:25:31.085000,0 days 00:26:22.603000,0 days 00:26:50.883000,218.0,248.0,,311.0,False,MEDIUM,6.0,True,Haas F1 Team,0 days 00:24:57.266000,2022-03-18 15:09:57.298,1,,False,,False,False,113.617
0 days 00:38:23.040000,MAG,20,0 days 00:01:33.183000,8.0,2.0,,,0 days 00:00:29.866000,0 days 00:00:39.962000,0 days 00:00:23.355000,0 days 00:37:19.723000,0 days 00:37:59.685000,0 days 00:38:23.040000,238.0,269.0,286.0,316.0,True,SOFT,2.0,True,Haas F1 Team,0 days 00:36:49.857000,2022-03-18 15:21:49.889,1,,False,,False,True,93.183
0 days 00:42:29.411000,MAG,20,0 days 00:01:39.099000,10.0,2.0,,0 days 00:42:27.611000,0 days 00:00:29.914000,0 days 00:00:39.985000,0 days 00:00:29.200000,0 days 00:41:20.226000,0 days 00:42:00.211000,0 days 00:42:29.411000,240.0,267.0,,317.0,False,SOFT,4.0,True,Haas F1 Team,0 days 00:40:50.312000,2022-03-18 15:25:50.344,1,,False,,False,False,99.099
0 days 01:02:08.324000,MAG,20,0 days 00:01:38.800000,13.0,4.0,,,0 days 00:00:31.824000,0 days 00:00:42.574000,0 days 00:00:24.402000,0 days 01:01:01.348000,0 days 01:01:43.922000,0 days 01:02:08.324000,225.0,242.0,270.0,281.0,False,MEDIUM,8.0,False,Haas F1 Team,0 days 01:00:29.524000,2022-03-18 15:45:29.556,1,,False,,False,True,98.8
0 days 01:03:48.979000,MAG,20,0 days 00:01:40.655000,14.0,4.0,,0 days 01:03:47.151000,0 days 00:00:31.555000,0 days 00:00:42.432000,0 days 00:00:26.668000,0 days 01:02:39.879000,0 days 01:03:22.311000,0 days 01:03:48.979000,231.0,251.0,,286.0,False,MEDIUM,9.0,False,Haas F1 Team,0 days 01:02:08.324000,2022-03-18 15:47:08.356,1,,False,,False,False,100.655
0 days 01:05:49.374000,MAG,20,0 days 00:02:00.395000,15.0,5.0,0 days 01:04:12.504000,,0 days 00:00:53.112000,0 days 00:00:42.762000,0 days 00:00:24.521000,0 days 01:04:42.091000,0 days 01:05:24.853000,0 days 01:05:49.374000,229.0,243.0,260.0,217.0,False,SOFT,6.0,False,Haas F1 Team,0 days 01:03:48.979000,2022-03-18 15:48:49.011,1,,False,,False,False,120.395
0 days 01:07:28.145000,MAG,20,0 days 00:01:38.771000,16.0,5.0,,,0 days 00:00:31.786000,0 days 00:00:42.638000,0 days 00:00:24.347000,0 days 01:06:21.160000,0 days 01:07:03.798000,0 days 01:07:28.145000,223.0,242.0,271.0,276.0,False,SOFT,7.0,False,Haas F1 Team,0 days 01:05:49.374000,2022-03-18 15:50:49.406,1,,False,,False,True,98.771
0 days 01:09:06.271000,MAG,20,0 days 00:01:38.126000,17.0,5.0,,,0 days 00:00:31.506000,0 days 00:00:42.382000,0 days 00:00:24.238000,0 days 01:07:59.651000,0 days 01:08:42.033000,0 days 01:09:06.271000,227.0,248.0,272.0,285.0,False,SOFT,8.0,False,Haas F1 Team,0 days 01:07:28.145000,2022-03-18 15:52:28.177,1,,False,,False,True,98.126
0 days 01:10:44.410000,MAG,20,0 days 00:01:38.139000,18.0,5.0,,,0 days 00:00:31.466000,0 days 00:00:42.372000,0 days 00:00:24.301000,0 days 01:09:37.737000,0 days 01:10:20.109000,0 days 01:10:44.410000,229.0,248.0,271.0,287.0,False,SOFT,9.0,False,Haas F1 Team,0 days 01:09:06.271000,2022-03-18 15:54:06.303,1,,False,,False,True,98.139
0 days 01:12:22.743000,MAG,20,0 days 00:01:38.333000,19.0,5.0,,,0 days 00:00:31.490000,0 days 00:00:42.441000,0 days 00:00:24.402000,0 days 01:11:15.900000,0 days 01:11:58.341000,0 days 01:12:22.743000,228.0,250.0,272.0,289.0,False,SOFT,10.0,False,Haas F1 Team,0 days 01:10:44.410000,2022-03-18 15:55:44.442,1,,False,,False,True,98.333
0 days 01:14:01.363000,MAG,20,0 days 00:01:38.620000,20.0,5.0,,,0 days 00:00:31.520000,0 days 00:00:42.624000,0 days 00:00:24.476000,0 days 01:12:54.263000,0 days 01:13:36.887000,0 days 01:14:01.363000,228.0,249.0,273.0,289.0,False,SOFT,11.0,False,Haas F1 Team,0 days 01:12:22.743000,2022-03-18 15:57:22.775,1,,False,,False,True,98.62
0 days 01:15:40.198000,MAG,20,0 days 00:01:38.835000,21.0,5.0,,,0 days 00:00:31.605000,0 days 00:00:42.645000,0 days 00:00:24.585000,0 days 01:14:32.968000,0 days 01:15:15.613000,0 days 01:15:40.198000,227.0,251.0,282.0,291.0,False,SOFT,12.0,False,Haas F1 Team,0 days 01:14:01.363000,2022-03-18 15:59:01.395,1,,False,,False,True,98.835
0 days 01:17:34.998000,MAG,20,0 days 00:01:54.800000,22.0,5.0,,,0 days 00:00:31.406000,0 days 00:00:47.715000,0 days 00:00:35.679000,0 days 01:16:11.604000,0 days 01:16:59.319000,0 days 01:17:34.998000,230.0,237.0,61.0,320.0,False,SOFT,13.0,False,Haas F1 Team,0 days 01:15:40.198000,2022-03-18 16:00:40.230,1,,False,,False,True,114.8
0 days 00:22:11.109000,TSU,22,0 days 00:01:35.167000,2.0,1.0,,,0 days 00:00:30.509000,0 days 00:00:40.915000,0 days 00:00:23.743000,0 days 00:21:06.451000,0 days 00:21:47.366000,0 days 00:22:11.109000,231.0,263.0,281.0,311.0,True,MEDIUM,2.0,True,AlphaTauri,0 days 00:20:35.942000,2022-03-18 15:05:35.974,1,,False,,False,True,95.167
0 days 00:24:17.167000,TSU,22,0 days 00:02:06.058000,3.0,1.0,,,0 days 00:00:38.159000,0 days 00:00:59.070000,0 days 00:00:28.829000,0 days 00:22:49.268000,0 days 00:23:48.338000,0 days 00:24:17.167000,146.0,156.0,281.0,260.0,False,MEDIUM,3.0,True,AlphaTauri,0 days 00:22:11.109000,2022-03-18 15:07:11.141,1,,False,,False,True,126.058
0 days 00:26:07.715000,TSU,22,0 days 00:01:50.548000,4.0,1.0,,,0 days 00:00:35.306000,0 days 00:00:49.476000,0 days 00:00:25.766000,0 days 00:24:52.473000,0 days 00:25:41.949000,0 days 00:26:07.715000,148.0,226.0,282.0,311.0,False,MEDIUM,4.0,True,AlphaTauri,0 days 00:24:17.167000,2022-03-18 15:09:17.199,1,,False,,False,True,110.548
0 days 00:27:42.718000,TSU,22,0 days 00:01:35.003000,5.0,1.0,,,0 days 00:00:30.482000,0 days 00:00:40.738000,0 days 00:00:23.783000,0 days 00:26:38.197000,0 days 00:27:18.935000,0 days 00:27:42.718000,230.0,265.0,281.0,310.0,True,MEDIUM,5.0,True,AlphaTauri,0 days 00:26:07.715000,2022-03-18 15:11:07.747,1,,False,,False,True,95.003
0 days 00:29:48.028000,TSU,22,0 days 00:02:05.310000,6.0,1.0,,,0 days 00:00:38.873000,0 days 00:00:59.061000,0 days 00:00:27.376000,0 days 00:28:21.591000,0 days 00:29:20.652000,0 days 00:29:48.028000,142.0,191.0,285.0,253.0,False,MEDIUM,6.0,True,AlphaTauri,0 days 00:27:42.718000,2022-03-18 15:12:42.750,1,,False,,False,True,125.31
0 days 00:31:22.436000,TSU,22,0 days 00:01:34.408000,7.0,1.0,,,0 days 00:00:30.096000,0 days 00:00:40.671000,0 days 00:00:23.641000,0 days 00:30:18.124000,0 days 00:30:58.795000,0 days 00:31:22.436000,234.0,267.0,283.0,313.0,True,MEDIUM,7.0,True,AlphaTauri,0 days 00:29:48.028000,2022-03-18 15:14:48.060,1,,False,,False,True,94.408
0 days 00:33:10.510000,TSU,22,0 days 00:01:48.074000,8.0,1.0,,0 days 00:33:08.744000,0 days 00:00:33.701000,0 days 00:00:44.375000,0 days 00:00:29.998000,0 days 00:31:56.137000,0 days 00:32:40.512000,0 days 00:33:10.510000,210.0,234.0,,285.0,False,MEDIUM,8.0,True,AlphaTauri,0 days 00:31:22.436000,2022-03-18 15:16:22.468,1,,False,,False,False,108.074
0 days 00:41:58.795000,TSU,22,0 days 00:01:34.403000,10.0,2.0,,,0 days 00:00:30.275000,0 days 00:00:40.248000,0 days 00:00:23.880000,0 days 00:40:54.667000,0 days 00:41:34.915000,0 days 00:41:58.795000,231.0,264.0,280.0,310.0,True,SOFT,2.0,True,AlphaTauri,0 days 00:40:24.392000,2022-03-18 15:25:24.424,1,,False,,False,True,94.403
0 days 00:43:57.254000,TSU,22,0 days 00:01:58.459000,11.0,2.0,,0 days 00:43:55.466000,0 days 00:00:35.786000,0 days 00:00:53.151000,0 days 00:00:29.522000,0 days 00:42:34.581000,0 days 00:43:27.732000,0 days 00:43:57.254000,174.0,194.0,,253.0,False,SOFT,3.0,True,AlphaTauri,0 days 00:41:58.795000,2022-03-18 15:26:58.827,1,,False,,False,False,118.459
0 days 00:47:59.085000,TSU,22,0 days 00:01:33.789000,13.0,3.0,,,0 days 00:00:29.988000,0 days 00:00:40.273000,0 days 00:00:23.528000,0 days 00:46:55.284000,0 days 00:47:35.557000,0 days 00:47:59.085000,233.0,264.0,280.0,310.0,True,SOFT,5.0,False,AlphaTauri,0 days 00:46:25.296000,2022-03-18 15:31:25.328,1,,False,,False,True,93.789
0 days 00:49:57.986000,TSU,22,0 days 00:01:58.901000,14.0,3.0,,0 days 00:49:56.206000,0 days 00:00:37.884000,0 days 00:00:51.889000,0 days 00:00:29.128000,0 days 00:48:36.969000,0 days 00:49:28.858000,0 days 00:49:57.986000,155.0,214.0,,270.0,False,SOFT,6.0,False,AlphaTauri,0 days 00:47:59.085000,2022-03-18 15:32:59.117,1,,False,,False,False,118.901
0 days 00:53:55.887000,TSU,22,0 days 00:01:34.028000,16.0,4.0,,,0 days 00:00:30.092000,0 days 00:00:40.213000,0 days 00:00:23.723000,0 days 00:52:51.951000,0 days 00:53:32.164000,0 days 00:53:55.887000,234.0,264.0,280.0,307.0,False,SOFT,8.0,False,AlphaTauri,0 days 00:52:21.859000,2022-03-18 15:37:21.891,1,,False,,False,True,94.028
0 days 00:55:43.385000,TSU,22,0 days 00:01:47.498000,17.0,4.0,,0 days 00:55:41.585000,0 days 00:00:33.896000,0 days 00:00:44.906000,0 days 00:00:28.696000,0 days 00:54:29.783000,0 days 00:55:14.689000,0 days 00:55:43.385000,215.0,224.0,,258.0,False,SOFT,9.0,False,AlphaTauri,0 days 00:53:55.887000,2022-03-18 15:38:55.919,1,,False,,False,False,107.498
0 days 01:05:42.417000,TSU,22,0 days 00:01:39.256000,19.0,5.0,,,0 days 00:00:31.758000,0 days 00:00:43.084000,0 days 00:00:24.414000,0 days 01:04:34.919000,0 days 01:05:18.003000,0 days 01:05:42.417000,228.0,241.0,267.0,287.0,False,MEDIUM,10.0,False,AlphaTauri,0 days 01:04:03.161000,2022-03-18 15:49:03.193,1,,False,,False,True,99.256
0 days 01:07:22.499000,TSU,22,0 days 00:01:40.082000,20.0,5.0,,,0 days 00:00:31.872000,0 days 00:00:43.207000,0 days 00:00:25.003000,0 days 01:06:14.289000,0 days 01:06:57.496000,0 days 01:07:22.499000,227.0,243.0,261.0,289.0,False,MEDIUM,11.0,False,AlphaTauri,0 days 01:05:42.417000,2022-03-18 15:50:42.449,1,,False,,False,True,100.082
0 days 01:09:01.661000,TSU,22,0 days 00:01:39.162000,21.0,5.0,,,0 days 00:00:31.860000,0 days 00:00:42.874000,0 days 00:00:24.428000,0 days 01:07:54.359000,0 days 01:08:37.233000,0 days 01:09:01.661000,227.0,248.0,271.0,288.0,False,MEDIUM,12.0,False,AlphaTauri,0 days 01:07:22.499000,2022-03-18 15:52:22.531,1,,False,,False,True,99.162
0 days 01:10:41.434000,TSU,22,0 days 00:01:39.773000,22.0,5.0,,,0 days 00:00:31.687000,0 days 00:00:43.689000,0 days 00:00:24.397000,0 days 01:09:33.348000,0 days 01:10:17.037000,0 days 01:10:41.434000,229.0,249.0,270.0,287.0,False,MEDIUM,13.0,False,AlphaTauri,0 days 01:09:01.661000,2022-03-18 15:54:01.693,1,,False,,False,True,99.773
0 days 01:12:20.268000,TSU,22,0 days 00:01:38.834000,23.0,5.0,,,0 days 00:00:31.719000,0 days 00:00:42.684000,0 days 00:00:24.431000,0 days 01:11:13.153000,0 days 01:11:55.837000,0 days 01:12:20.268000,228.0,253.0,271.0,286.0,False,MEDIUM,14.0,False,AlphaTauri,0 days 01:10:41.434000,2022-03-18 15:55:41.466,1,,False,,False,True,98.834
0 days 01:13:59.470000,TSU,22,0 days 00:01:39.202000,24.0,5.0,,,0 days 00:00:31.663000,0 days 00:00:43.012000,0 days 00:00:24.527000,0 days 01:12:51.931000,0 days 01:13:34.943000,0 days 01:13:59.470000,227.0,251.0,269.0,285.0,False,MEDIUM,15.0,False,AlphaTauri,0 days 01:12:20.268000,2022-03-18 15:57:20.300,1,,False,,False,True,99.202
0 days 01:15:39.247000,TSU,22,0 days 00:01:39.777000,25.0,5.0,,,0 days 00:00:31.887000,0 days 00:00:43.275000,0 days 00:00:24.615000,0 days 01:14:31.357000,0 days 01:15:14.632000,0 days 01:15:39.247000,227.0,252.0,268.0,290.0,False,MEDIUM,16.0,False,AlphaTauri,0 days 01:13:59.470000,2022-03-18 15:58:59.502,1,,False,,False,True,99.777
0 days 01:17:40.940000,TSU,22,0 days 00:02:01.693000,26.0,5.0,,0 days 01:17:39.127000,0 days 00:00:31.985000,0 days 00:00:59.036000,0 days 00:00:30.672000,0 days 01:16:11.232000,0 days 01:17:10.268000,0 days 01:17:40.940000,228.0,172.0,,290.0,False,MEDIUM,17.0,False,AlphaTauri,0 days 01:15:39.247000,2022-03-18 16:00:39.279,1,,False,,False,False,121.693
0 days 00:26:53.179000,ALB,23,0 days 00:01:54.256000,3.0,2.0,,,0 days 00:00:37.899000,0 days 00:00:50.644000,0 days 00:00:25.713000,0 days 00:25:36.822000,0 days 00:26:27.466000,0 days 00:26:53.179000,205.0,227.0,280.0,256.0,True,MEDIUM,3.0,False,Williams,0 days 00:24:58.923000,2022-03-18 15:09:58.955,1,,False,,False,True,114.256
0 days 00:28:44.572000,ALB,23,0 days 00:01:51.393000,4.0,2.0,,,0 days 00:00:32.280000,0 days 00:00:50.150000,0 days 00:00:28.963000,0 days 00:27:25.459000,0 days 00:28:15.609000,0 days 00:28:44.572000,177.0,207.0,281.0,309.0,True,MEDIUM,4.0,False,Williams,0 days 00:26:53.179000,2022-03-18 15:11:53.211,1,,False,,False,True,111.393
0 days 00:30:20.735000,ALB,23,0 days 00:01:36.163000,5.0,2.0,,,0 days 00:00:30.482000,0 days 00:00:41.641000,0 days 00:00:24.040000,0 days 00:29:15.054000,0 days 00:29:56.695000,0 days 00:30:20.735000,234.0,266.0,280.0,312.0,True,MEDIUM,5.0,False,Williams,0 days 00:28:44.572000,2022-03-18 15:13:44.604,1,,False,,False,True,96.163
0 days 00:32:24.903000,ALB,23,0 days 00:02:04.168000,6.0,2.0,,,0 days 00:00:40.267000,0 days 00:00:58.090000,0 days 00:00:25.811000,0 days 00:31:01.002000,0 days 00:31:59.092000,0 days 00:32:24.903000,152.0,215.0,280.0,231.0,False,MEDIUM,6.0,False,Williams,0 days 00:30:20.735000,2022-03-18 15:15:20.767,1,,False,,False,True,124.168
0 days 00:34:01.874000,ALB,23,0 days 00:01:36.971000,7.0,2.0,,,0 days 00:00:31.480000,0 days 00:00:41.596000,0 days 00:00:23.895000,0 days 00:32:56.383000,0 days 00:33:37.979000,0 days 00:34:01.874000,232.0,266.0,281.0,311.0,False,MEDIUM,7.0,False,Williams,0 days 00:32:24.903000,2022-03-18 15:17:24.935,1,,False,,False,True,96.971
0 days 00:36:02.487000,ALB,23,0 days 00:02:00.613000,8.0,2.0,,0 days 00:36:00.693000,0 days 00:00:36.580000,0 days 00:00:53.804000,0 days 00:00:30.229000,0 days 00:34:38.454000,0 days 00:35:32.258000,0 days 00:36:02.487000,159.0,187.0,,246.0,False,MEDIUM,8.0,False,Williams,0 days 00:34:01.874000,2022-03-18 15:19:01.906,1,,False,,False,False,120.613
0 days 00:43:07.387000,ALB,23,0 days 00:01:34.735000,10.0,3.0,,,0 days 00:00:30.128000,0 days 00:00:40.667000,0 days 00:00:23.940000,0 days 00:42:02.780000,0 days 00:42:43.447000,0 days 00:43:07.387000,235.0,267.0,280.0,312.0,True,SOFT,2.0,True,Williams,0 days 00:41:32.652000,2022-03-18 15:26:32.684,1,,False,,False,True,94.735
0 days 00:45:26.938000,ALB,23,0 days 00:02:19.551000,11.0,3.0,,,0 days 00:00:43.684000,0 days 00:01:01.663000,0 days 00:00:34.204000,0 days 00:43:51.071000,0 days 00:44:52.734000,0 days 00:45:26.938000,93.0,156.0,280.0,206.0,False,SOFT,3.0,True,Williams,0 days 00:43:07.387000,2022-03-18 15:28:07.419,1,,False,,False,True,139.551
0 days 00:47:02.258000,ALB,23,0 days 00:01:35.320000,12.0,3.0,,,0 days 00:00:30.473000,0 days 00:00:41.040000,0 days 00:00:23.807000,0 days 00:45:57.411000,0 days 00:46:38.451000,0 days 00:47:02.258000,232.0,266.0,277.0,312.0,False,SOFT,4.0,True,Williams,0 days 00:45:26.938000,2022-03-18 15:30:26.970,1,,False,,False,True,95.32
0 days 00:48:48.078000,ALB,23,0 days 00:01:45.820000,13.0,3.0,,0 days 00:48:46.314000,0 days 00:00:33.906000,0 days 00:00:44.059000,0 days 00:00:27.855000,0 days 00:47:36.164000,0 days 00:48:20.223000,0 days 00:48:48.078000,221.0,235.0,,224.0,False,SOFT,5.0,True,Williams,0 days 00:47:02.258000,2022-03-18 15:32:02.290,1,,False,,False,False,105.82
0 days 01:06:42.727000,ALB,23,0 days 00:01:39.679000,15.0,4.0,,,0 days 00:00:31.843000,0 days 00:00:43.105000,0 days 00:00:24.731000,0 days 01:05:34.891000,0 days 01:06:17.996000,0 days 01:06:42.727000,228.0,252.0,270.0,292.0,False,MEDIUM,10.0,False,Williams,0 days 01:05:03.048000,2022-03-18 15:50:03.080,1,,False,,False,True,99.679
0 days 01:08:22.592000,ALB,23,0 days 00:01:39.865000,16.0,4.0,,,0 days 00:00:31.941000,0 days 00:00:43.411000,0 days 00:00:24.513000,0 days 01:07:14.668000,0 days 01:07:58.079000,0 days 01:08:22.592000,228.0,248.0,273.0,293.0,False,MEDIUM,11.0,False,Williams,0 days 01:06:42.727000,2022-03-18 15:51:42.759,1,,False,,False,True,99.865
0 days 01:10:02.767000,ALB,23,0 days 00:01:40.175000,17.0,4.0,,,0 days 00:00:32.005000,0 days 00:00:43.610000,0 days 00:00:24.560000,0 days 01:08:54.597000,0 days 01:09:38.207000,0 days 01:10:02.767000,225.0,246.0,272.0,292.0,False,MEDIUM,12.0,False,Williams,0 days 01:08:22.592000,2022-03-18 15:53:22.624,1,,False,,False,True,100.175
0 days 01:11:43.069000,ALB,23,0 days 00:01:40.302000,18.0,4.0,,,0 days 00:00:31.911000,0 days 00:00:43.758000,0 days 00:00:24.633000,0 days 01:10:34.678000,0 days 01:11:18.436000,0 days 01:11:43.069000,224.0,248.0,273.0,289.0,False,MEDIUM,13.0,False,Williams,0 days 01:10:02.767000,2022-03-18 15:55:02.799,1,,False,,False,True,100.302
0 days 01:13:23.752000,ALB,23,0 days 00:01:40.683000,19.0,4.0,,,0 days 00:00:31.790000,0 days 00:00:44.082000,0 days 00:00:24.811000,0 days 01:12:14.859000,0 days 01:12:58.941000,0 days 01:13:23.752000,228.0,232.0,280.0,294.0,False,MEDIUM,14.0,False,Williams,0 days 01:11:43.069000,2022-03-18 15:56:43.101,1,,False,,False,True,100.683
0 days 01:15:03.984000,ALB,23,0 days 00:01:40.232000,20.0,4.0,,,0 days 00:00:31.794000,0 days 00:00:43.630000,0 days 00:00:24.808000,0 days 01:13:55.546000,0 days 01:14:39.176000,0 days 01:15:03.984000,226.0,250.0,273.0,286.0,False,MEDIUM,15.0,False,Williams,0 days 01:13:23.752000,2022-03-18 15:58:23.784,1,,False,,False,True,100.232
0 days 01:17:10.644000,ALB,23,0 days 00:02:06.660000,21.0,4.0,,,0 days 00:00:35.224000,0 days 00:00:49.561000,0 days 00:00:41.875000,0 days 01:15:39.208000,0 days 01:16:28.769000,0 days 01:17:10.644000,147.0,202.0,58.0,296.0,False,MEDIUM,16.0,False,Williams,0 days 01:15:03.984000,2022-03-18 16:00:04.016,1,,False,,False,True,126.66
0 days 00:18:51.105000,ZHO,24,0 days 00:01:35.615000,2.0,1.0,,,0 days 00:00:30.812000,0 days 00:00:41.157000,0 days 00:00:23.646000,0 days 00:17:46.302000,0 days 00:18:27.459000,0 days 00:18:51.105000,236.0,263.0,281.0,306.0,True,MEDIUM,2.0,True,Alfa Romeo,0 days 00:17:15.490000,2022-03-18 15:02:15.522,1,,False,,False,True,95.615
0 days 00:20:57.836000,ZHO,24,0 days 00:02:06.731000,3.0,1.0,,,0 days 00:00:42.424000,0 days 00:00:56.115000,0 days 00:00:28.192000,0 days 00:19:33.529000,0 days 00:20:29.644000,0 days 00:20:57.836000,166.0,187.0,281.0,258.0,False,MEDIUM,3.0,True,Alfa Romeo,0 days 00:18:51.105000,2022-03-18 15:03:51.137,1,,False,,False,True,126.731
0 days 00:22:32.394000,ZHO,24,0 days 00:01:34.558000,4.0,1.0,,,0 days 00:00:30.263000,0 days 00:00:40.757000,0 days 00:00:23.538000,0 days 00:21:28.099000,0 days 00:22:08.856000,0 days 00:22:32.394000,237.0,265.0,285.0,310.0,True,MEDIUM,4.0,True,Alfa Romeo,0 days 00:20:57.836000,2022-03-18 15:05:57.868,1,,False,,False,True,94.558
0 days 00:24:52.618000,ZHO,24,0 days 00:02:20.224000,5.0,1.0,,,0 days 00:00:39.779000,0 days 00:01:01.999000,0 days 00:00:38.446000,0 days 00:23:12.173000,0 days 00:24:14.172000,0 days 00:24:52.618000,168.0,178.0,281.0,272.0,False,MEDIUM,5.0,True,Alfa Romeo,0 days 00:22:32.394000,2022-03-18 15:07:32.426,1,,False,,False,True,140.224
0 days 00:26:28.175000,ZHO,24,0 days 00:01:35.557000,6.0,1.0,,,0 days 00:00:30.448000,0 days 00:00:41.301000,0 days 00:00:23.808000,0 days 00:25:23.066000,0 days 00:26:04.367000,0 days 00:26:28.175000,235.0,264.0,282.0,309.0,False,MEDIUM,6.0,True,Alfa Romeo,0 days 00:24:52.618000,2022-03-18 15:09:52.650,1,,False,,False,True,95.557
0 days 00:28:38.618000,ZHO,24,0 days 00:02:10.443000,7.0,1.0,,,0 days 00:00:41.873000,0 days 00:01:01.683000,0 days 00:00:26.887000,0 days 00:27:10.048000,0 days 00:28:11.731000,0 days 00:28:38.618000,168.0,171.0,280.0,249.0,False,MEDIUM,7.0,True,Alfa Romeo,0 days 00:26:28.175000,2022-03-18 15:11:28.207,1,,False,,False,True,130.443
0 days 00:30:13.713000,ZHO,24,0 days 00:01:35.095000,8.0,1.0,,,0 days 00:00:30.374000,0 days 00:00:40.921000,0 days 00:00:23.800000,0 days 00:29:08.992000,0 days 00:29:49.913000,0 days 00:30:13.713000,235.0,265.0,282.0,308.0,False,MEDIUM,8.0,True,Alfa Romeo,0 days 00:28:38.618000,2022-03-18 15:13:38.650,1,,False,,False,True,95.095
0 days 00:32:06.591000,ZHO,24,0 days 00:01:52.878000,9.0,1.0,,0 days 00:32:04.819000,0 days 00:00:35.462000,0 days 00:00:49.351000,0 days 00:00:28.065000,0 days 00:30:49.175000,0 days 00:31:38.526000,0 days 00:32:06.591000,186.0,217.0,,270.0,False,MEDIUM,9.0,True,Alfa Romeo,0 days 00:30:13.713000,2022-03-18 15:15:13.745,1,,False,,False,False,112.878
0 days 00:42:55.581000,ZHO,24,0 days 00:01:33.953000,11.0,2.0,,,0 days 00:00:30.014000,0 days 00:00:40.280000,0 days 00:00:23.659000,0 days 00:41:51.642000,0 days 00:42:31.922000,0 days 00:42:55.581000,237.0,266.0,281.0,307.0,True,SOFT,2.0,True,Alfa Romeo,0 days 00:41:21.628000,2022-03-18 15:26:21.660,1,,False,,False,True,93.953
0 days 00:45:01.034000,ZHO,24,0 days 00:02:05.453000,12.0,2.0,,,0 days 00:00:41.257000,0 days 00:00:57.199000,0 days 00:00:26.997000,0 days 00:43:36.838000,0 days 00:44:34.037000,0 days 00:45:01.034000,153.0,195.0,280.0,274.0,False,SOFT,3.0,True,Alfa Romeo,0 days 00:42:55.581000,2022-03-18 15:27:55.613,1,,False,,False,True,125.453
0 days 00:46:35.052000,ZHO,24,0 days 00:01:34.018000,13.0,2.0,,,0 days 00:00:30.104000,0 days 00:00:40.448000,0 days 00:00:23.466000,0 days 00:45:31.138000,0 days 00:46:11.586000,0 days 00:46:35.052000,237.0,266.0,282.0,307.0,False,SOFT,4.0,True,Alfa Romeo,0 days 00:45:01.034000,2022-03-18 15:30:01.066,1,,False,,False,True,94.018
0 days 00:48:33.116000,ZHO,24,0 days 00:01:58.064000,14.0,2.0,,0 days 00:48:31.394000,0 days 00:00:37.213000,0 days 00:00:49.206000,0 days 00:00:31.645000,0 days 00:47:12.265000,0 days 00:48:01.471000,0 days 00:48:33.116000,183.0,206.0,,245.0,False,SOFT,5.0,True,Alfa Romeo,0 days 00:46:35.052000,2022-03-18 15:31:35.084,1,,False,,False,False,118.064
0 days 00:50:52.932000,ZHO,24,0 days 00:02:19.816000,15.0,3.0,0 days 00:48:52.639000,0 days 00:50:51.213000,0 days 00:01:04.811000,0 days 00:00:46.785000,0 days 00:00:28.220000,0 days 00:49:37.927000,0 days 00:50:24.712000,0 days 00:50:52.932000,215.0,218.0,,200.0,False,SOFT,6.0,False,Alfa Romeo,0 days 00:48:33.116000,2022-03-18 15:33:33.148,1,,False,,False,False,139.816
0 days 01:03:10.075000,ZHO,24,0 days 00:01:40.579000,17.0,4.0,,,0 days 00:00:32.776000,0 days 00:00:43.193000,0 days 00:00:24.610000,0 days 01:02:02.272000,0 days 01:02:45.465000,0 days 01:03:10.075000,228.0,251.0,269.0,286.0,False,MEDIUM,11.0,False,Alfa Romeo,0 days 01:01:29.496000,2022-03-18 15:46:29.528,1,,False,,False,True,100.579
0 days 01:04:49.250000,ZHO,24,0 days 00:01:39.175000,18.0,4.0,,,0 days 00:00:31.821000,0 days 00:00:42.893000,0 days 00:00:24.461000,0 days 01:03:41.896000,0 days 01:04:24.789000,0 days 01:04:49.250000,230.0,252.0,271.0,288.0,False,MEDIUM,12.0,False,Alfa Romeo,0 days 01:03:10.075000,2022-03-18 15:48:10.107,1,,False,,False,True,99.175
0 days 01:06:28.404000,ZHO,24,0 days 00:01:39.154000,19.0,4.0,,,0 days 00:00:31.660000,0 days 00:00:42.856000,0 days 00:00:24.638000,0 days 01:05:20.910000,0 days 01:06:03.766000,0 days 01:06:28.404000,228.0,253.0,270.0,286.0,False,MEDIUM,13.0,False,Alfa Romeo,0 days 01:04:49.250000,2022-03-18 15:49:49.282,1,,False,,False,True,99.154
0 days 01:08:07.587000,ZHO,24,0 days 00:01:39.183000,20.0,4.0,,,0 days 00:00:31.693000,0 days 00:00:42.791000,0 days 00:00:24.699000,0 days 01:07:00.097000,0 days 01:07:42.888000,0 days 01:08:07.587000,228.0,254.0,271.0,287.0,False,MEDIUM,14.0,False,Alfa Romeo,0 days 01:06:28.404000,2022-03-18 15:51:28.436,1,,False,,False,True,99.183
0 days 01:09:46.706000,ZHO,24,0 days 00:01:39.119000,21.0,4.0,,,0 days 00:00:31.623000,0 days 00:00:42.985000,0 days 00:00:24.511000,0 days 01:08:39.210000,0 days 01:09:22.195000,0 days 01:09:46.706000,230.0,253.0,271.0,288.0,False,MEDIUM,15.0,False,Alfa Romeo,0 days 01:08:07.587000,2022-03-18 15:53:07.619,1,,False,,False,True,99.119
0 days 01:11:26.351000,ZHO,24,0 days 00:01:39.645000,22.0,4.0,,,0 days 00:00:31.953000,0 days 00:00:43.075000,0 days 00:00:24.617000,0 days 01:10:18.659000,0 days 01:11:01.734000,0 days 01:11:26.351000,224.0,252.0,269.0,283.0,False,MEDIUM,16.0,False,Alfa Romeo,0 days 01:09:46.706000,2022-03-18 15:54:46.738,1,,False,,False,True,99.645
0 days 01:13:05.421000,ZHO,24,0 days 00:01:39.070000,23.0,4.0,,,0 days 00:00:31.628000,0 days 00:00:42.999000,0 days 00:00:24.443000,0 days 01:11:57.979000,0 days 01:12:40.978000,0 days 01:13:05.421000,229.0,252.0,268.0,285.0,False,MEDIUM,17.0,False,Alfa Romeo,0 days 01:11:26.351000,2022-03-18 15:56:26.383,1,,False,,False,True,99.07
0 days 01:14:44.625000,ZHO,24,0 days 00:01:39.204000,24.0,4.0,,,0 days 00:00:31.762000,0 days 00:00:42.963000,0 days 00:00:24.479000,0 days 01:13:37.183000,0 days 01:14:20.146000,0 days 01:14:44.625000,228.0,241.0,269.0,285.0,False,MEDIUM,18.0,False,Alfa Romeo,0 days 01:13:05.421000,2022-03-18 15:58:05.453,1,,False,,False,True,99.204
0 days 01:16:23.966000,ZHO,24,0 days 00:01:39.341000,25.0,4.0,,,0 days 00:00:31.790000,0 days 00:00:43.028000,0 days 00:00:24.523000,0 days 01:15:16.415000,0 days 01:15:59.443000,0 days 01:16:23.966000,227.0,243.0,269.0,286.0,False,MEDIUM,19.0,False,Alfa Romeo,0 days 01:14:44.625000,2022-03-18 15:59:44.657,1,,False,,False,True,99.341
0 days 01:18:42.328000,ZHO,24,0 days 00:02:18.362000,26.0,4.0,,,0 days 00:00:42.823000,0 days 00:00:53.973000,0 days 00:00:41.566000,0 days 01:17:06.789000,0 days 01:18:00.762000,0 days 01:18:42.328000,128.0,161.0,58.0,274.0,False,MEDIUM,20.0,False,Alfa Romeo,0 days 01:16:23.966000,2022-03-18 16:01:23.998,1,,False,,False,True,138.362
0 days 00:19:10.858000,HUL,27,0 days 00:01:36.240000,2.0,1.0,,,0 days 00:00:31.118000,0 days 00:00:41.088000,0 days 00:00:24.034000,0 days 00:18:05.736000,0 days 00:18:46.824000,0 days 00:19:10.858000,232.0,258.0,274.0,303.0,True,MEDIUM,2.0,True,Aston Martin,0 days 00:17:34.618000,2022-03-18 15:02:34.650,1,,False,,False,True,96.24
0 days 00:21:04.562000,HUL,27,0 days 00:01:53.704000,3.0,1.0,,,0 days 00:00:34.912000,0 days 00:00:49.721000,0 days 00:00:29.071000,0 days 00:19:45.770000,0 days 00:20:35.491000,0 days 00:21:04.562000,179.0,202.0,274.0,266.0,False,MEDIUM,3.0,True,Aston Martin,0 days 00:19:10.858000,2022-03-18 15:04:10.890,1,,False,,False,True,113.704
0 days 00:22:41.578000,HUL,27,0 days 00:01:37.016000,4.0,1.0,,,0 days 00:00:30.951000,0 days 00:00:41.756000,0 days 00:00:24.309000,0 days 00:21:35.513000,0 days 00:22:17.269000,0 days 00:22:41.578000,231.0,260.0,276.0,303.0,False,MEDIUM,4.0,True,Aston Martin,0 days 00:21:04.562000,2022-03-18 15:06:04.594,1,,False,,False,True,97.016
0 days 00:24:29.431000,HUL,27,0 days 00:01:47.853000,5.0,1.0,,0 days 00:24:27.583000,0 days 00:00:33.734000,0 days 00:00:45.101000,0 days 00:00:29.018000,0 days 00:23:15.312000,0 days 00:24:00.413000,0 days 00:24:29.431000,210.0,225.0,,265.0,False,MEDIUM,5.0,True,Aston Martin,0 days 00:22:41.578000,2022-03-18 15:07:41.610,1,,False,,False,False,107.853
0 days 00:36:56.723000,HUL,27,0 days 00:01:34.061000,7.0,2.0,,,0 days 00:00:30.220000,0 days 00:00:40.156000,0 days 00:00:23.685000,0 days 00:35:52.882000,0 days 00:36:33.038000,0 days 00:36:56.723000,235.0,265.0,272.0,303.0,True,SOFT,2.0,True,Aston Martin,0 days 00:35:22.662000,2022-03-18 15:20:22.694,1,,False,,False,True,94.061
0 days 00:38:45.076000,HUL,27,0 days 00:01:48.353000,8.0,2.0,,0 days 00:38:43.231000,0 days 00:00:34.420000,0 days 00:00:45.033000,0 days 00:00:28.900000,0 days 00:37:31.143000,0 days 00:38:16.176000,0 days 00:38:45.076000,216.0,200.0,,235.0,False,SOFT,3.0,True,Aston Martin,0 days 00:36:56.723000,2022-03-18 15:21:56.755,1,,False,,False,False,108.353
0 days 00:48:50.896000,HUL,27,0 days 00:01:40.168000,10.0,3.0,,,0 days 00:00:32.242000,0 days 00:00:43.186000,0 days 00:00:24.740000,0 days 00:47:42.970000,0 days 00:48:26.156000,0 days 00:48:50.896000,223.0,246.0,264.0,279.0,False,MEDIUM,7.0,False,Aston Martin,0 days 00:47:10.728000,2022-03-18 15:32:10.760,1,,False,,False,True,100.168
0 days 00:50:30.710000,HUL,27,0 days 00:01:39.814000,11.0,3.0,,,0 days 00:00:32.073000,0 days 00:00:42.983000,0 days 00:00:24.758000,0 days 00:49:22.969000,0 days 00:50:05.952000,0 days 00:50:30.710000,224.0,249.0,263.0,280.0,False,MEDIUM,8.0,False,Aston Martin,0 days 00:48:50.896000,2022-03-18 15:33:50.928,1,,False,,False,True,99.814
0 days 00:52:10.606000,HUL,27,0 days 00:01:39.896000,12.0,3.0,,,0 days 00:00:32.173000,0 days 00:00:42.976000,0 days 00:00:24.747000,0 days 00:51:02.883000,0 days 00:51:45.859000,0 days 00:52:10.606000,228.0,253.0,264.0,280.0,False,MEDIUM,9.0,False,Aston Martin,0 days 00:50:30.710000,2022-03-18 15:35:30.742,1,,False,,False,True,99.896
0 days 00:53:50.888000,HUL,27,0 days 00:01:40.282000,13.0,3.0,,,0 days 00:00:32.280000,0 days 00:00:43.071000,0 days 00:00:24.931000,0 days 00:52:42.886000,0 days 00:53:25.957000,0 days 00:53:50.888000,224.0,250.0,264.0,272.0,False,MEDIUM,10.0,False,Aston Martin,0 days 00:52:10.606000,2022-03-18 15:37:10.638,1,,False,,False,True,100.282
0 days 00:55:31.132000,HUL,27,0 days 00:01:40.244000,14.0,3.0,,,0 days 00:00:32.258000,0 days 00:00:42.998000,0 days 00:00:24.988000,0 days 00:54:23.146000,0 days 00:55:06.144000,0 days 00:55:31.132000,226.0,252.0,264.0,271.0,False,MEDIUM,11.0,False,Aston Martin,0 days 00:53:50.888000,2022-03-18 15:38:50.920,1,,False,,False,True,100.244
0 days 00:57:11.422000,HUL,27,0 days 00:01:40.290000,15.0,3.0,,,0 days 00:00:32.377000,0 days 00:00:43.039000,0 days 00:00:24.874000,0 days 00:56:03.509000,0 days 00:56:46.548000,0 days 00:57:11.422000,226.0,252.0,265.0,269.0,False,MEDIUM,12.0,False,Aston Martin,0 days 00:55:31.132000,2022-03-18 15:40:31.164,1,,False,,False,True,100.29
0 days 00:58:54.271000,HUL,27,0 days 00:01:42.849000,16.0,3.0,,0 days 00:58:52.498000,0 days 00:00:32.308000,0 days 00:00:43.154000,0 days 00:00:27.387000,0 days 00:57:43.730000,0 days 00:58:26.884000,0 days 00:58:54.271000,226.0,252.0,,272.0,False,MEDIUM,13.0,False,Aston Martin,0 days 00:57:11.422000,2022-03-18 15:42:11.454,1,,False,,False,False,102.849
0 days 01:01:05,HUL,27,0 days 00:02:10.729000,17.0,4.0,0 days 00:59:18.384000,,0 days 00:00:54.620000,0 days 00:00:47.919000,0 days 00:00:28.190000,0 days 00:59:48.891000,0 days 01:00:36.810000,0 days 01:01:05,230.0,232.0,264.0,204.0,False,MEDIUM,14.0,False,Aston Martin,0 days 00:58:54.271000,2022-03-18 15:43:54.303,1,,False,,False,False,130.729
0 days 01:02:45.509000,HUL,27,0 days 00:01:40.509000,18.0,4.0,,,0 days 00:00:32.212000,0 days 00:00:43.535000,0 days 00:00:24.762000,0 days 01:01:37.212000,0 days 01:02:20.747000,0 days 01:02:45.509000,225.0,252.0,265.0,283.0,False,MEDIUM,15.0,False,Aston Martin,0 days 01:01:05,2022-03-18 15:46:05.032,1,,False,,False,True,100.509
0 days 01:04:25.756000,HUL,27,0 days 00:01:40.247000,19.0,4.0,,,0 days 00:00:32.280000,0 days 00:00:43.210000,0 days 00:00:24.757000,0 days 01:03:17.789000,0 days 01:04:00.999000,0 days 01:04:25.756000,227.0,251.0,265.0,274.0,False,MEDIUM,16.0,False,Aston Martin,0 days 01:02:45.509000,2022-03-18 15:47:45.541,1,,False,,False,True,100.247
0 days 01:06:06.393000,HUL,27,0 days 00:01:40.637000,20.0,4.0,,,0 days 00:00:32.408000,0 days 00:00:43.318000,0 days 00:00:24.911000,0 days 01:04:58.164000,0 days 01:05:41.482000,0 days 01:06:06.393000,224.0,248.0,264.0,275.0,False,MEDIUM,17.0,False,Aston Martin,0 days 01:04:25.756000,2022-03-18 15:49:25.788,1,,False,,False,True,100.637
0 days 01:07:48.598000,HUL,27,0 days 00:01:42.205000,21.0,4.0,,,0 days 00:00:32.364000,0 days 00:00:44.367000,0 days 00:00:25.474000,0 days 01:06:38.757000,0 days 01:07:23.124000,0 days 01:07:48.598000,226.0,253.0,267.0,273.0,False,MEDIUM,18.0,False,Aston Martin,0 days 01:06:06.393000,2022-03-18 15:51:06.425,1,,False,,False,True,102.205
0 days 01:09:31.610000,HUL,27,0 days 00:01:43.012000,22.0,4.0,,0 days 01:09:29.875000,0 days 00:00:32.338000,0 days 00:00:43.157000,0 days 00:00:27.517000,0 days 01:08:20.936000,0 days 01:09:04.093000,0 days 01:09:31.610000,228.0,253.0,,282.0,False,MEDIUM,19.0,False,Aston Martin,0 days 01:07:48.598000,2022-03-18 15:52:48.630,1,,False,,False,False,103.012
0 days 01:11:30.995000,HUL,27,0 days 00:01:59.385000,23.0,5.0,0 days 01:09:55.257000,,0 days 00:00:52.789000,0 days 00:00:42.268000,0 days 00:00:24.328000,0 days 01:10:24.399000,0 days 01:11:06.667000,0 days 01:11:30.995000,228.0,250.0,267.0,216.0,False,SOFT,4.0,False,Aston Martin,0 days 01:09:31.610000,2022-03-18 15:54:31.642,1,,False,,False,False,119.385
0 days 01:13:08.626000,HUL,27,0 days 00:01:37.631000,24.0,5.0,,,0 days 00:00:31.478000,0 days 00:00:41.942000,0 days 00:00:24.211000,0 days 01:12:02.473000,0 days 01:12:44.415000,0 days 01:13:08.626000,228.0,253.0,267.0,272.0,False,SOFT,5.0,False,Aston Martin,0 days 01:11:30.995000,2022-03-18 15:56:31.027,1,,False,,False,True,97.631
0 days 01:14:46.892000,HUL,27,0 days 00:01:38.266000,25.0,5.0,,,0 days 00:00:31.530000,0 days 00:00:42.184000,0 days 00:00:24.552000,0 days 01:13:40.156000,0 days 01:14:22.340000,0 days 01:14:46.892000,227.0,251.0,267.0,273.0,False,SOFT,6.0,False,Aston Martin,0 days 01:13:08.626000,2022-03-18 15:58:08.658,1,,False,,False,True,98.266
0 days 01:16:25.340000,HUL,27,0 days 00:01:38.448000,26.0,5.0,,,0 days 00:00:31.682000,0 days 00:00:42.292000,0 days 00:00:24.474000,0 days 01:15:18.574000,0 days 01:16:00.866000,0 days 01:16:25.340000,227.0,253.0,267.0,275.0,False,SOFT,7.0,False,Aston Martin,0 days 01:14:46.892000,2022-03-18 15:59:46.924,1,,False,,False,True,98.448
0 days 01:18:27.383000,HUL,27,0 days 00:02:02.043000,27.0,5.0,,,0 days 00:00:34.792000,0 days 00:00:50.674000,0 days 00:00:36.577000,0 days 01:17:00.132000,0 days 01:17:50.806000,0 days 01:18:27.383000,201.0,175.0,46.0,236.0,False,SOFT,8.0,False,Aston Martin,0 days 01:16:25.340000,2022-03-18 16:01:25.372,1,,False,,False,True,122.043
0 days 00:19:02.546000,OCO,31,0 days 00:01:34.550000,2.0,1.0,,,0 days 00:00:30.175000,0 days 00:00:40.728000,0 days 00:00:23.647000,0 days 00:17:58.171000,0 days 00:18:38.899000,0 days 00:19:02.546000,233.0,263.0,284.0,313.0,True,MEDIUM,2.0,True,Alpine,0 days 00:17:27.996000,2022-03-18 15:02:28.028,1,,False,,False,True,94.55
0 days 00:21:18.668000,OCO,31,0 days 00:02:16.122000,3.0,1.0,,,0 days 00:00:41.630000,0 days 00:01:00.338000,0 days 00:00:34.154000,0 days 00:19:44.176000,0 days 00:20:44.514000,0 days 00:21:18.668000,130.0,162.0,280.0,264.0,False,MEDIUM,3.0,True,Alpine,0 days 00:19:02.546000,2022-03-18 15:04:02.578,1,,False,,False,True,136.122
0 days 00:22:54.150000,OCO,31,0 days 00:01:35.482000,4.0,1.0,,,0 days 00:00:30.528000,0 days 00:00:41.021000,0 days 00:00:23.933000,0 days 00:21:49.196000,0 days 00:22:30.217000,0 days 00:22:54.150000,231.0,261.0,285.0,311.0,False,MEDIUM,4.0,True,Alpine,0 days 00:21:18.668000,2022-03-18 15:06:18.700,1,,False,,False,True,95.482
0 days 00:24:41.923000,OCO,31,0 days 00:01:47.773000,5.0,1.0,,0 days 00:24:40.095000,0 days 00:00:32.994000,0 days 00:00:45.498000,0 days 00:00:29.281000,0 days 00:23:27.144000,0 days 00:24:12.642000,0 days 00:24:41.923000,217.0,200.0,,278.0,False,MEDIUM,5.0,True,Alpine,0 days 00:22:54.150000,2022-03-18 15:07:54.182,1,,False,,False,False,107.773
0 days 00:38:13.316000,OCO,31,0 days 00:01:33.360000,7.0,2.0,,,0 days 00:00:29.877000,0 days 00:00:40.051000,0 days 00:00:23.432000,0 days 00:37:09.833000,0 days 00:37:49.884000,0 days 00:38:13.316000,237.0,268.0,279.0,314.0,True,SOFT,2.0,True,Alpine,0 days 00:36:39.956000,2022-03-18 15:21:39.988,1,,False,,False,True,93.36
0 days 00:40:18.629000,OCO,31,0 days 00:02:05.313000,8.0,2.0,,,0 days 00:00:38.996000,0 days 00:00:59.678000,0 days 00:00:26.639000,0 days 00:38:52.312000,0 days 00:39:51.990000,0 days 00:40:18.629000,146.0,146.0,284.0,274.0,False,SOFT,3.0,True,Alpine,0 days 00:38:13.316000,2022-03-18 15:23:13.348,1,,False,,False,True,125.313
0 days 00:41:52.463000,OCO,31,0 days 00:01:33.834000,9.0,2.0,,,0 days 00:00:29.982000,0 days 00:00:40.214000,0 days 00:00:23.638000,0 days 00:40:48.611000,0 days 00:41:28.825000,0 days 00:41:52.463000,233.0,263.0,283.0,313.0,False,SOFT,4.0,True,Alpine,0 days 00:40:18.629000,2022-03-18 15:25:18.661,1,,False,,False,True,93.834
0 days 00:43:41.678000,OCO,31,0 days 00:01:49.215000,10.0,2.0,,0 days 00:43:39.879000,0 days 00:00:33.728000,0 days 00:00:47.612000,0 days 00:00:27.875000,0 days 00:42:26.191000,0 days 00:43:13.803000,0 days 00:43:41.678000,200.0,224.0,,284.0,False,SOFT,5.0,True,Alpine,0 days 00:41:52.463000,2022-03-18 15:26:52.495,1,,False,,False,False,109.215
0 days 00:56:25.723000,OCO,31,0 days 00:01:38.416000,12.0,3.0,,,0 days 00:00:31.652000,0 days 00:00:42.318000,0 days 00:00:24.446000,0 days 00:55:18.959000,0 days 00:56:01.277000,0 days 00:56:25.723000,222.0,254.0,269.0,279.0,False,SOFT,7.0,False,Alpine,0 days 00:54:47.307000,2022-03-18 15:39:47.339,1,,False,,False,True,98.416
0 days 00:58:04.081000,OCO,31,0 days 00:01:38.358000,13.0,3.0,,,0 days 00:00:31.536000,0 days 00:00:42.320000,0 days 00:00:24.502000,0 days 00:56:57.259000,0 days 00:57:39.579000,0 days 00:58:04.081000,226.0,253.0,270.0,280.0,False,SOFT,8.0,False,Alpine,0 days 00:56:25.723000,2022-03-18 15:41:25.755,1,,False,,False,True,98.358
0 days 00:59:42.805000,OCO,31,0 days 00:01:38.724000,14.0,3.0,,,0 days 00:00:31.704000,0 days 00:00:42.624000,0 days 00:00:24.396000,0 days 00:58:35.785000,0 days 00:59:18.409000,0 days 00:59:42.805000,223.0,253.0,271.0,281.0,False,SOFT,9.0,False,Alpine,0 days 00:58:04.081000,2022-03-18 15:43:04.113,1,,False,,False,True,98.724
0 days 01:01:21.537000,OCO,31,0 days 00:01:38.732000,15.0,3.0,,,0 days 00:00:31.541000,0 days 00:00:42.678000,0 days 00:00:24.513000,0 days 01:00:14.346000,0 days 01:00:57.024000,0 days 01:01:21.537000,225.0,253.0,271.0,285.0,False,SOFT,10.0,False,Alpine,0 days 00:59:42.805000,2022-03-18 15:44:42.837,1,,False,,False,True,98.732
0 days 01:03:00.305000,OCO,31,0 days 00:01:38.768000,16.0,3.0,,,0 days 00:00:31.520000,0 days 00:00:42.723000,0 days 00:00:24.525000,0 days 01:01:53.057000,0 days 01:02:35.780000,0 days 01:03:00.305000,225.0,254.0,271.0,286.0,False,SOFT,11.0,False,Alpine,0 days 01:01:21.537000,2022-03-18 15:46:21.569,1,,False,,False,True,98.768
0 days 01:04:39.391000,OCO,31,0 days 00:01:39.086000,17.0,3.0,,,0 days 00:00:31.574000,0 days 00:00:42.781000,0 days 00:00:24.731000,0 days 01:03:31.879000,0 days 01:04:14.660000,0 days 01:04:39.391000,225.0,253.0,271.0,287.0,False,SOFT,12.0,False,Alpine,0 days 01:03:00.305000,2022-03-18 15:48:00.337,1,,False,,False,True,99.086
0 days 01:06:18.683000,OCO,31,0 days 00:01:39.292000,18.0,3.0,,,0 days 00:00:31.704000,0 days 00:00:42.902000,0 days 00:00:24.686000,0 days 01:05:11.095000,0 days 01:05:53.997000,0 days 01:06:18.683000,226.0,254.0,270.0,293.0,False,SOFT,13.0,False,Alpine,0 days 01:04:39.391000,2022-03-18 15:49:39.423,1,,False,,False,True,99.292
0 days 01:07:57.969000,OCO,31,0 days 00:01:39.286000,19.0,3.0,,,0 days 00:00:31.796000,0 days 00:00:42.789000,0 days 00:00:24.701000,0 days 01:06:50.479000,0 days 01:07:33.268000,0 days 01:07:57.969000,224.0,254.0,270.0,286.0,False,SOFT,14.0,False,Alpine,0 days 01:06:18.683000,2022-03-18 15:51:18.715,1,,False,,False,True,99.286
0 days 01:09:40.271000,OCO,31,0 days 00:01:42.302000,20.0,3.0,,0 days 01:09:38.487000,0 days 00:00:31.872000,0 days 00:00:43.112000,0 days 00:00:27.318000,0 days 01:08:29.841000,0 days 01:09:12.953000,0 days 01:09:40.271000,221.0,251.0,,285.0,False,SOFT,15.0,False,Alpine,0 days 01:07:57.969000,2022-03-18 15:52:58.001,1,,False,,False,False,102.302
0 days 01:11:44.106000,OCO,31,0 days 00:02:03.835000,21.0,4.0,0 days 01:10:03.598000,,0 days 00:00:56.328000,0 days 00:00:43.052000,0 days 00:00:24.455000,0 days 01:10:36.599000,0 days 01:11:19.651000,0 days 01:11:44.106000,223.0,252.0,280.0,209.0,False,MEDIUM,6.0,False,Alpine,0 days 01:09:40.271000,2022-03-18 15:54:40.303,1,,False,,False,False,123.835
0 days 01:13:22.964000,OCO,31,0 days 00:01:38.858000,22.0,4.0,,,0 days 00:00:31.231000,0 days 00:00:43.223000,0 days 00:00:24.404000,0 days 01:12:15.337000,0 days 01:12:58.560000,0 days 01:13:22.964000,225.0,251.0,269.0,308.0,False,MEDIUM,7.0,False,Alpine,0 days 01:11:44.106000,2022-03-18 15:56:44.138,1,,False,,False,True,98.858
0 days 01:15:01.837000,OCO,31,0 days 00:01:38.873000,23.0,4.0,,,0 days 00:00:31.683000,0 days 00:00:42.631000,0 days 00:00:24.559000,0 days 01:13:54.647000,0 days 01:14:37.278000,0 days 01:15:01.837000,222.0,251.0,269.0,283.0,False,MEDIUM,8.0,False,Alpine,0 days 01:13:22.964000,2022-03-18 15:58:22.996,1,,False,,False,True,98.873
0 days 01:17:08.920000,OCO,31,0 days 00:02:07.083000,24.0,4.0,,,0 days 00:00:34.033000,0 days 00:00:51.010000,0 days 00:00:42.040000,0 days 01:15:35.870000,0 days 01:16:26.880000,0 days 01:17:08.920000,159.0,183.0,49.0,277.0,False,MEDIUM,9.0,False,Alpine,0 days 01:15:01.837000,2022-03-18 16:00:01.869,1,,False,,False,True,127.083
0 days 00:23:23.451000,HAM,44,0 days 00:01:34.379000,2.0,1.0,,,0 days 00:00:30.529000,0 days 00:00:40.264000,0 days 00:00:23.586000,0 days 00:22:19.601000,0 days 00:22:59.865000,0 days 00:23:23.451000,233.0,263.0,267.0,282.0,True,MEDIUM,2.0,True,Mercedes,0 days 00:21:49.072000,2022-03-18 15:06:49.104,1,,False,,False,True,94.379
0 days 00:25:19.215000,HAM,44,0 days 00:01:55.764000,3.0,1.0,,,0 days 00:00:36.643000,0 days 00:00:54.486000,0 days 00:00:24.635000,0 days 00:24:00.094000,0 days 00:24:54.580000,0 days 00:25:19.215000,185.0,216.0,267.0,165.0,False,MEDIUM,3.0,True,Mercedes,0 days 00:23:23.451000,2022-03-18 15:08:23.483,1,,False,,False,True,115.764
0 days 00:27:04.332000,HAM,44,0 days 00:01:45.117000,4.0,1.0,,,0 days 00:00:33.914000,0 days 00:00:45.283000,0 days 00:00:25.920000,0 days 00:25:53.129000,0 days 00:26:38.412000,0 days 00:27:04.332000,203.0,230.0,267.0,283.0,False,MEDIUM,4.0,True,Mercedes,0 days 00:25:19.215000,2022-03-18 15:10:19.247,1,,False,,False,True,105.117
0 days 00:28:47.732000,HAM,44,0 days 00:01:43.400000,5.0,1.0,,0 days 00:28:45.925000,0 days 00:00:32.620000,0 days 00:00:43.631000,0 days 00:00:27.149000,0 days 00:27:36.952000,0 days 00:28:20.583000,0 days 00:28:47.732000,221.0,245.0,,282.0,False,MEDIUM,5.0,True,Mercedes,0 days 00:27:04.332000,2022-03-18 15:12:04.364,1,,False,,False,False,103.4
0 days 00:44:05.569000,HAM,44,0 days 00:01:50.637000,7.0,2.0,,,0 days 00:00:34.202000,0 days 00:00:51.199000,0 days 00:00:25.236000,0 days 00:42:49.134000,0 days 00:43:40.333000,0 days 00:44:05.569000,174.0,197.0,270.0,289.0,False,SOFT,2.0,True,Mercedes,0 days 00:42:14.932000,2022-03-18 15:27:14.964,1,,False,,False,True,110.637
0 days 00:45:58.951000,HAM,44,0 days 00:01:53.382000,8.0,2.0,,,0 days 00:00:34.306000,0 days 00:00:53.538000,0 days 00:00:25.538000,0 days 00:44:39.875000,0 days 00:45:33.413000,0 days 00:45:58.951000,188.0,194.0,271.0,284.0,False,SOFT,3.0,True,Mercedes,0 days 00:44:05.569000,2022-03-18 15:29:05.601,1,,False,,False,True,113.382
0 days 00:47:32.095000,HAM,44,0 days 00:01:33.144000,9.0,2.0,,,0 days 00:00:30.115000,0 days 00:00:39.694000,0 days 00:00:23.335000,0 days 00:46:29.066000,0 days 00:47:08.760000,0 days 00:47:32.095000,236.0,265.0,269.0,284.0,True,SOFT,4.0,True,Mercedes,0 days 00:45:58.951000,2022-03-18 15:30:58.983,1,,False,,False,True,93.144
0 days 00:49:19.715000,HAM,44,0 days 00:01:47.620000,10.0,2.0,,0 days 00:49:17.967000,0 days 00:00:34.260000,0 days 00:00:45.617000,0 days 00:00:27.743000,0 days 00:48:06.355000,0 days 00:48:51.972000,0 days 00:49:19.715000,203.0,203.0,,250.0,False,SOFT,5.0,True,Mercedes,0 days 00:47:32.095000,2022-03-18 15:32:32.127,1,,False,,False,False,107.62
0 days 01:00:24.976000,HAM,44,0 days 00:01:38.735000,12.0,3.0,,,0 days 00:00:31.944000,0 days 00:00:42.407000,0 days 00:00:24.384000,0 days 00:59:18.185000,0 days 01:00:00.592000,0 days 01:00:24.976000,227.0,247.0,263.0,277.0,False,MEDIUM,7.0,False,Mercedes,0 days 00:58:46.241000,2022-03-18 15:43:46.273,1,,False,,False,True,98.735
0 days 01:02:03.002000,HAM,44,0 days 00:01:38.026000,13.0,3.0,,,0 days 00:00:31.724000,0 days 00:00:41.939000,0 days 00:00:24.363000,0 days 01:00:56.700000,0 days 01:01:38.639000,0 days 01:02:03.002000,227.0,251.0,264.0,279.0,False,MEDIUM,8.0,False,Mercedes,0 days 01:00:24.976000,2022-03-18 15:45:25.008,1,,False,,False,True,98.026
0 days 01:03:41.468000,HAM,44,0 days 00:01:38.466000,14.0,3.0,,,0 days 00:00:31.854000,0 days 00:00:42.327000,0 days 00:00:24.285000,0 days 01:02:34.856000,0 days 01:03:17.183000,0 days 01:03:41.468000,226.0,252.0,264.0,270.0,False,MEDIUM,9.0,False,Mercedes,0 days 01:02:03.002000,2022-03-18 15:47:03.034,1,,False,,False,True,98.466
0 days 01:05:19.635000,HAM,44,0 days 00:01:38.167000,15.0,3.0,,,0 days 00:00:31.794000,0 days 00:00:42.092000,0 days 00:00:24.281000,0 days 01:04:13.262000,0 days 01:04:55.354000,0 days 01:05:19.635000,226.0,251.0,265.0,270.0,False,MEDIUM,10.0,False,Mercedes,0 days 01:03:41.468000,2022-03-18 15:48:41.500,1,,False,,False,True,98.167
0 days 01:06:58.462000,HAM,44,0 days 00:01:38.827000,16.0,3.0,,,0 days 00:00:32.020000,0 days 00:00:42.281000,0 days 00:00:24.526000,0 days 01:05:51.655000,0 days 01:06:33.936000,0 days 01:06:58.462000,225.0,253.0,264.0,271.0,False,MEDIUM,11.0,False,Mercedes,0 days 01:05:19.635000,2022-03-18 15:50:19.667,1,,False,,False,True,98.827
0 days 01:08:37.195000,HAM,44,0 days 00:01:38.733000,17.0,3.0,,,0 days 00:00:31.964000,0 days 00:00:42.317000,0 days 00:00:24.452000,0 days 01:07:30.426000,0 days 01:08:12.743000,0 days 01:08:37.195000,227.0,248.0,265.0,277.0,False,MEDIUM,12.0,False,Mercedes,0 days 01:06:58.462000,2022-03-18 15:51:58.494,1,,False,,False,True,98.733
0 days 01:10:16.009000,HAM,44,0 days 00:01:38.814000,18.0,3.0,,,0 days 00:00:32.040000,0 days 00:00:42.362000,0 days 00:00:24.412000,0 days 01:09:09.235000,0 days 01:09:51.597000,0 days 01:10:16.009000,225.0,247.0,265.0,277.0,False,MEDIUM,13.0,False,Mercedes,0 days 01:08:37.195000,2022-03-18 15:53:37.227,1,,False,,False,True,98.814
0 days 01:11:56.728000,HAM,44,0 days 00:01:40.719000,19.0,3.0,,,0 days 00:00:32.050000,0 days 00:00:43.968000,0 days 00:00:24.701000,0 days 01:10:48.059000,0 days 01:11:32.027000,0 days 01:11:56.728000,226.0,238.0,266.0,280.0,False,MEDIUM,14.0,False,Mercedes,0 days 01:10:16.009000,2022-03-18 15:55:16.041,1,,False,,False,True,100.719
0 days 01:13:36.217000,HAM,44,0 days 00:01:39.489000,20.0,3.0,,,0 days 00:00:32.243000,0 days 00:00:42.797000,0 days 00:00:24.449000,0 days 01:12:28.971000,0 days 01:13:11.768000,0 days 01:13:36.217000,227.0,248.0,267.0,281.0,False,MEDIUM,15.0,False,Mercedes,0 days 01:11:56.728000,2022-03-18 15:56:56.760,1,,False,,False,True,99.489
0 days 01:15:15.765000,HAM,44,0 days 00:01:39.548000,21.0,3.0,,,0 days 00:00:31.768000,0 days 00:00:42.977000,0 days 00:00:24.803000,0 days 01:14:07.985000,0 days 01:14:50.962000,0 days 01:15:15.765000,228.0,250.0,238.0,289.0,False,MEDIUM,16.0,False,Mercedes,0 days 01:13:36.217000,2022-03-18 15:58:36.249,1,,False,,False,True,99.548
0 days 01:17:24.835000,HAM,44,0 days 00:02:09.070000,22.0,3.0,,,0 days 00:00:37.749000,0 days 00:00:52.218000,0 days 00:00:39.103000,0 days 01:15:53.514000,0 days 01:16:45.732000,0 days 01:17:24.835000,213.0,180.0,93.0,159.0,False,MEDIUM,17.0,False,Mercedes,0 days 01:15:15.765000,2022-03-18 16:00:15.797,1,,False,,False,True,129.07
0 days 00:20:14.737000,MSC,47,0 days 00:02:08.767000,2.0,1.0,,,0 days 00:00:31.947000,0 days 00:01:06.465000,0 days 00:00:30.355000,0 days 00:18:37.917000,0 days 00:19:44.382000,0 days 00:20:14.737000,173.0,175.0,279.0,308.0,True,MEDIUM,2.0,True,Haas F1 Team,0 days 00:18:05.970000,2022-03-18 15:03:06.002,1,,False,,False,True,128.767
0 days 00:21:50.358000,MSC,47,0 days 00:01:35.621000,3.0,1.0,,,0 days 00:00:30.644000,0 days 00:00:41.086000,0 days 00:00:23.891000,0 days 00:20:45.381000,0 days 00:21:26.467000,0 days 00:21:50.358000,232.0,264.0,284.0,307.0,True,MEDIUM,3.0,True,Haas F1 Team,0 days 00:20:14.737000,2022-03-18 15:05:14.769,1,,False,,False,True,95.621
0 days 00:24:05.764000,MSC,47,0 days 00:02:15.406000,4.0,1.0,,,0 days 00:00:41.357000,0 days 00:01:02.556000,0 days 00:00:31.493000,0 days 00:22:31.715000,0 days 00:23:34.271000,0 days 00:24:05.764000,143.0,140.0,280.0,297.0,False,MEDIUM,4.0,True,Haas F1 Team,0 days 00:21:50.358000,2022-03-18 15:06:50.390,1,,False,,False,True,135.406
0 days 00:25:40.772000,MSC,47,0 days 00:01:35.008000,5.0,1.0,,,0 days 00:00:30.578000,0 days 00:00:40.764000,0 days 00:00:23.666000,0 days 00:24:36.342000,0 days 00:25:17.106000,0 days 00:25:40.772000,235.0,264.0,282.0,308.0,True,MEDIUM,5.0,True,Haas F1 Team,0 days 00:24:05.764000,2022-03-18 15:09:05.796,1,,False,,False,True,95.008
0 days 00:29:42.496000,MSC,47,0 days 00:01:35.503000,7.0,1.0,,,0 days 00:00:30.899000,0 days 00:00:41.063000,0 days 00:00:23.541000,0 days 00:28:37.892000,0 days 00:29:18.955000,0 days 00:29:42.496000,232.0,264.0,281.0,307.0,False,MEDIUM,7.0,True,Haas F1 Team,0 days 00:28:06.993000,2022-03-18 15:13:07.025,1,,False,,False,True,95.503
0 days 00:31:38.901000,MSC,47,0 days 00:01:56.405000,8.0,1.0,,0 days 00:31:37.131000,0 days 00:00:37.477000,0 days 00:00:50.379000,0 days 00:00:28.549000,0 days 00:30:19.973000,0 days 00:31:10.352000,0 days 00:31:38.901000,152.0,218.0,,308.0,False,MEDIUM,8.0,True,Haas F1 Team,0 days 00:29:42.496000,2022-03-18 15:14:42.528,1,,False,,False,False,116.405
0 days 00:41:25.620000,MSC,47,0 days 00:01:33.254000,10.0,2.0,,,0 days 00:00:29.892000,0 days 00:00:40.037000,0 days 00:00:23.325000,0 days 00:40:22.258000,0 days 00:41:02.295000,0 days 00:41:25.620000,238.0,268.0,285.0,312.0,True,SOFT,2.0,True,Haas F1 Team,0 days 00:39:52.366000,2022-03-18 15:24:52.398,1,,False,,False,True,93.254
0 days 00:43:31.847000,MSC,47,0 days 00:02:06.227000,11.0,2.0,,,0 days 00:00:41.572000,0 days 00:00:57.262000,0 days 00:00:27.393000,0 days 00:42:07.192000,0 days 00:43:04.454000,0 days 00:43:31.847000,159.0,182.0,283.0,214.0,False,SOFT,3.0,True,Haas F1 Team,0 days 00:41:25.620000,2022-03-18 15:26:25.652,1,,False,,False,True,126.227
0 days 00:45:04.932000,MSC,47,0 days 00:01:33.085000,12.0,2.0,,,0 days 00:00:29.881000,0 days 00:00:40.016000,0 days 00:00:23.188000,0 days 00:44:01.728000,0 days 00:44:41.744000,0 days 00:45:04.932000,237.0,269.0,286.0,314.0,True,SOFT,4.0,True,Haas F1 Team,0 days 00:43:31.847000,2022-03-18 15:28:31.879,1,,False,,False,True,93.085
0 days 00:46:51.034000,MSC,47,0 days 00:01:46.102000,13.0,2.0,,0 days 00:46:49.230000,0 days 00:00:32.613000,0 days 00:00:45.695000,0 days 00:00:27.794000,0 days 00:45:37.545000,0 days 00:46:23.240000,0 days 00:46:51.034000,220.0,251.0,,278.0,False,SOFT,5.0,True,Haas F1 Team,0 days 00:45:04.932000,2022-03-18 15:30:04.964,1,,False,,False,False,106.102
0 days 01:03:56.390000,MSC,47,0 days 00:01:39.301000,15.0,3.0,,,0 days 00:00:31.922000,0 days 00:00:42.848000,0 days 00:00:24.531000,0 days 01:02:49.011000,0 days 01:03:31.859000,0 days 01:03:56.390000,225.0,255.0,270.0,284.0,False,MEDIUM,10.0,False,Haas F1 Team,0 days 01:02:17.089000,2022-03-18 15:47:17.121,1,,False,,False,True,99.301
0 days 01:05:35.930000,MSC,47,0 days 00:01:39.540000,16.0,3.0,,,0 days 00:00:31.825000,0 days 00:00:43.186000,0 days 00:00:24.529000,0 days 01:04:28.215000,0 days 01:05:11.401000,0 days 01:05:35.930000,226.0,255.0,271.0,285.0,False,MEDIUM,11.0,False,Haas F1 Team,0 days 01:03:56.390000,2022-03-18 15:48:56.422,1,,False,,False,True,99.54
0 days 01:07:15.325000,MSC,47,0 days 00:01:39.395000,17.0,3.0,,,0 days 00:00:31.720000,0 days 00:00:42.796000,0 days 00:00:24.879000,0 days 01:06:07.650000,0 days 01:06:50.446000,0 days 01:07:15.325000,228.0,257.0,270.0,286.0,False,MEDIUM,12.0,False,Haas F1 Team,0 days 01:05:35.930000,2022-03-18 15:50:35.962,1,,False,,False,True,99.395
0 days 01:08:55.133000,MSC,47,0 days 00:01:39.808000,18.0,3.0,,,0 days 00:00:31.901000,0 days 00:00:43.250000,0 days 00:00:24.657000,0 days 01:07:47.226000,0 days 01:08:30.476000,0 days 01:08:55.133000,227.0,255.0,270.0,285.0,False,MEDIUM,13.0,False,Haas F1 Team,0 days 01:07:15.325000,2022-03-18 15:52:15.357,1,,False,,False,True,99.808
0 days 01:10:34.944000,MSC,47,0 days 00:01:39.811000,19.0,3.0,,,0 days 00:00:32.028000,0 days 00:00:43.153000,0 days 00:00:24.630000,0 days 01:09:27.161000,0 days 01:10:10.314000,0 days 01:10:34.944000,227.0,253.0,270.0,285.0,False,MEDIUM,14.0,False,Haas F1 Team,0 days 01:08:55.133000,2022-03-18 15:53:55.165,1,,False,,False,True,99.811
0 days 01:12:14.968000,MSC,47,0 days 00:01:40.024000,20.0,3.0,,,0 days 00:00:32.005000,0 days 00:00:43.186000,0 days 00:00:24.833000,0 days 01:11:06.949000,0 days 01:11:50.135000,0 days 01:12:14.968000,228.0,256.0,271.0,286.0,False,MEDIUM,15.0,False,Haas F1 Team,0 days 01:10:34.944000,2022-03-18 15:55:34.976,1,,False,,False,True,100.024
0 days 01:13:55.439000,MSC,47,0 days 00:01:40.471000,21.0,3.0,,,0 days 00:00:31.946000,0 days 00:00:43.686000,0 days 00:00:24.839000,0 days 01:12:46.914000,0 days 01:13:30.600000,0 days 01:13:55.439000,227.0,251.0,271.0,286.0,False,MEDIUM,16.0,False,Haas F1 Team,0 days 01:12:14.968000,2022-03-18 15:57:15.000,1,,False,,False,True,100.471
0 days 01:15:35.501000,MSC,47,0 days 00:01:40.062000,22.0,3.0,,,0 days 00:00:31.893000,0 days 00:00:43.477000,0 days 00:00:24.692000,0 days 01:14:27.332000,0 days 01:15:10.809000,0 days 01:15:35.501000,229.0,251.0,271.0,290.0,False,MEDIUM,17.0,False,Haas F1 Team,0 days 01:13:55.439000,2022-03-18 15:58:55.471,1,,False,,False,True,100.062
0 days 01:17:31.535000,MSC,47,0 days 00:01:56.034000,23.0,3.0,,,0 days 00:00:32.351000,0 days 00:00:43.456000,0 days 00:00:40.227000,0 days 01:16:07.852000,0 days 01:16:51.308000,0 days 01:17:31.535000,227.0,252.0,60.0,290.0,False,MEDIUM,18.0,False,Haas F1 Team,0 days 01:15:35.501000,2022-03-18 16:00:35.533,1,,False,,False,True,116.034
0 days 00:18:54.451000,SAI,55,0 days 00:01:33.837000,2.0,1.0,,,0 days 00:00:30.147000,0 days 00:00:40.214000,0 days 00:00:23.476000,0 days 00:17:50.761000,0 days 00:18:30.975000,0 days 00:18:54.451000,236.0,264.0,282.0,310.0,True,MEDIUM,2.0,True,Ferrari,0 days 00:17:20.614000,2022-03-18 15:02:20.646,1,,False,,False,True,93.837
0 days 00:21:09.533000,SAI,55,0 days 00:02:15.082000,3.0,1.0,,,0 days 00:00:47.060000,0 days 00:00:59.084000,0 days 00:00:28.938000,0 days 00:19:41.511000,0 days 00:20:40.595000,0 days 00:21:09.533000,147.0,209.0,279.0,210.0,False,MEDIUM,3.0,True,Ferrari,0 days 00:18:54.451000,2022-03-18 15:03:54.483,1,,False,,False,True,135.082
0 days 00:22:53.176000,SAI,55,0 days 00:01:43.643000,4.0,1.0,,,0 days 00:00:30.269000,0 days 00:00:48.282000,0 days 00:00:25.092000,0 days 00:21:39.802000,0 days 00:22:28.084000,0 days 00:22:53.176000,235.0,218.0,280.0,310.0,False,MEDIUM,4.0,True,Ferrari,0 days 00:21:09.533000,2022-03-18 15:06:09.565,1,,False,,False,True,103.643
0 days 00:24:38.152000,SAI,55,0 days 00:01:44.976000,5.0,1.0,,,0 days 00:00:30.221000,0 days 00:00:45.126000,0 days 00:00:29.629000,0 days 00:23:23.397000,0 days 00:24:08.523000,0 days 00:24:38.152000,234.0,129.0,280.0,308.0,False,MEDIUM,5.0,True,Ferrari,0 days 00:22:53.176000,2022-03-18 15:07:53.208,1,,False,,False,True,104.976
0 days 00:26:16.099000,SAI,55,0 days 00:01:37.947000,6.0,1.0,,0 days 00:26:14.291000,0 days 00:00:30.109000,0 days 00:00:40.298000,0 days 00:00:27.540000,0 days 00:25:08.261000,0 days 00:25:48.559000,0 days 00:26:16.099000,236.0,266.0,,309.0,False,MEDIUM,6.0,True,Ferrari,0 days 00:24:38.152000,2022-03-18 15:09:38.184,1,,False,,False,False,97.947
0 days 00:28:34.002000,SAI,55,0 days 00:02:17.903000,7.0,2.0,0 days 00:26:36.116000,0 days 00:28:32.217000,0 days 00:01:05.938000,0 days 00:00:44.240000,0 days 00:00:27.725000,0 days 00:27:22.037000,0 days 00:28:06.277000,0 days 00:28:34.002000,211.0,242.0,,203.0,False,MEDIUM,7.0,False,Ferrari,0 days 00:26:16.099000,2022-03-18 15:11:16.131,1,,False,,False,False,137.903
0 days 00:40:56.762000,SAI,55,0 days 00:01:33.065000,9.0,3.0,,,0 days 00:00:29.695000,0 days 00:00:39.770000,0 days 00:00:23.600000,0 days 00:39:53.392000,0 days 00:40:33.162000,0 days 00:40:56.762000,236.0,265.0,281.0,309.0,True,SOFT,2.0,True,Ferrari,0 days 00:39:23.697000,2022-03-18 15:24:23.729,1,,False,,False,True,93.065
0 days 00:43:06.127000,SAI,55,0 days 00:02:09.365000,10.0,3.0,,,0 days 00:00:42.005000,0 days 00:01:00.537000,0 days 00:00:26.823000,0 days 00:41:38.767000,0 days 00:42:39.304000,0 days 00:43:06.127000,158.0,195.0,283.0,160.0,False,SOFT,3.0,True,Ferrari,0 days 00:40:56.762000,2022-03-18 15:25:56.794,1,,False,,False,True,129.365
0 days 00:44:42.310000,SAI,55,0 days 00:01:36.183000,11.0,3.0,,0 days 00:44:40.534000,0 days 00:00:30.007000,0 days 00:00:39.967000,0 days 00:00:26.209000,0 days 00:43:36.134000,0 days 00:44:16.101000,0 days 00:44:42.310000,238.0,265.0,,313.0,False,SOFT,4.0,True,Ferrari,0 days 00:43:06.127000,2022-03-18 15:28:06.159,1,,False,,False,False,96.183
0 days 00:56:03.555000,SAI,55,0 days 00:01:32.520000,13.0,4.0,,,0 days 00:00:29.621000,0 days 00:00:39.587000,0 days 00:00:23.312000,0 days 00:55:00.656000,0 days 00:55:40.243000,0 days 00:56:03.555000,237.0,266.0,282.0,308.0,True,SOFT,2.0,True,Ferrari,0 days 00:54:31.035000,2022-03-18 15:39:31.067,1,,False,,False,True,92.52
0 days 00:58:09.266000,SAI,55,0 days 00:02:05.711000,14.0,4.0,,0 days 00:58:07.478000,0 days 00:00:42.952000,0 days 00:00:51.382000,0 days 00:00:31.377000,0 days 00:56:46.507000,0 days 00:57:37.889000,0 days 00:58:09.266000,169.0,190.0,,115.0,False,SOFT,3.0,True,Ferrari,0 days 00:56:03.555000,2022-03-18 15:41:03.587,1,,False,,False,False,125.711
0 days 01:09:59.368000,SAI,55,0 days 00:01:38.651000,16.0,5.0,,,0 days 00:00:31.821000,0 days 00:00:42.517000,0 days 00:00:24.313000,0 days 01:08:52.538000,0 days 01:09:35.055000,0 days 01:09:59.368000,226.0,246.0,268.0,277.0,False,SOFT,6.0,False,Ferrari,0 days 01:08:20.717000,2022-03-18 15:53:20.749,1,,False,,False,True,98.651
0 days 01:11:37.806000,SAI,55,0 days 00:01:38.438000,17.0,5.0,,,0 days 00:00:31.711000,0 days 00:00:42.377000,0 days 00:00:24.350000,0 days 01:10:31.079000,0 days 01:11:13.456000,0 days 01:11:37.806000,226.0,248.0,268.0,281.0,False,SOFT,7.0,False,Ferrari,0 days 01:09:59.368000,2022-03-18 15:54:59.400,1,,False,,False,True,98.438
0 days 01:13:16.213000,SAI,55,0 days 00:01:38.407000,18.0,5.0,,,0 days 00:00:31.611000,0 days 00:00:42.437000,0 days 00:00:24.359000,0 days 01:12:09.417000,0 days 01:12:51.854000,0 days 01:13:16.213000,227.0,249.0,269.0,284.0,False,SOFT,8.0,False,Ferrari,0 days 01:11:37.806000,2022-03-18 15:56:37.838,1,,False,,False,True,98.407
0 days 01:14:54.750000,SAI,55,0 days 00:01:38.537000,19.0,5.0,,,0 days 00:00:31.699000,0 days 00:00:42.328000,0 days 00:00:24.510000,0 days 01:13:47.912000,0 days 01:14:30.240000,0 days 01:14:54.750000,226.0,249.0,268.0,283.0,False,SOFT,9.0,False,Ferrari,0 days 01:13:16.213000,2022-03-18 15:58:16.245,1,,False,,False,True,98.537
0 days 01:16:33.326000,SAI,55,0 days 00:01:38.576000,20.0,5.0,,,0 days 00:00:31.720000,0 days 00:00:42.510000,0 days 00:00:24.346000,0 days 01:15:26.470000,0 days 01:16:08.980000,0 days 01:16:33.326000,227.0,249.0,269.0,283.0,False,SOFT,10.0,False,Ferrari,0 days 01:14:54.750000,2022-03-18 15:59:54.782,1,,False,,False,True,98.576
0 days 01:18:31.615000,SAI,55,0 days 00:01:58.289000,21.0,5.0,,,0 days 00:00:31.759000,0 days 00:00:47.193000,0 days 00:00:39.337000,0 days 01:17:05.085000,0 days 01:17:52.278000,0 days 01:18:31.615000,227.0,191.0,56.0,282.0,False,SOFT,11.0,False,Ferrari,0 days 01:16:33.326000,2022-03-18 16:01:33.358,1,,False,,False,True,118.289
0 days 00:18:31.427000,RUS,63,0 days 00:01:34.860000,2.0,1.0,,,0 days 00:00:30.493000,0 days 00:00:40.611000,0 days 00:00:23.756000,0 days 00:17:27.060000,0 days 00:18:07.671000,0 days 00:18:31.427000,233.0,262.0,277.0,303.0,True,MEDIUM,2.0,True,Mercedes,0 days 00:16:56.567000,2022-03-18 15:01:56.599,1,,False,,False,True,94.86
0 days 00:20:26.397000,RUS,63,0 days 00:01:54.970000,3.0,1.0,,0 days 00:20:24.636000,0 days 00:00:36.933000,0 days 00:00:48.927000,0 days 00:00:29.110000,0 days 00:19:08.360000,0 days 00:19:57.287000,0 days 00:20:26.397000,207.0,219.0,,250.0,False,MEDIUM,3.0,True,Mercedes,0 days 00:18:31.427000,2022-03-18 15:03:31.459,1,,False,,False,False,114.97
0 days 00:30:53.475000,RUS,63,0 days 00:01:34.971000,5.0,2.0,,,0 days 00:00:30.495000,0 days 00:00:40.653000,0 days 00:00:23.823000,0 days 00:29:48.999000,0 days 00:30:29.652000,0 days 00:30:53.475000,232.0,263.0,277.0,301.0,False,MEDIUM,5.0,False,Mercedes,0 days 00:29:18.504000,2022-03-18 15:14:18.536,1,,False,,False,True,94.971
0 days 00:32:58.015000,RUS,63,0 days 00:02:04.540000,6.0,2.0,,,0 days 00:00:39.222000,0 days 00:00:55.701000,0 days 00:00:29.617000,0 days 00:31:32.697000,0 days 00:32:28.398000,0 days 00:32:58.015000,93.0,162.0,274.0,248.0,False,MEDIUM,6.0,False,Mercedes,0 days 00:30:53.475000,2022-03-18 15:15:53.507,1,,False,,False,True,124.54
0 days 00:34:32.923000,RUS,63,0 days 00:01:34.908000,7.0,2.0,,,0 days 00:00:30.481000,0 days 00:00:40.611000,0 days 00:00:23.816000,0 days 00:33:28.496000,0 days 00:34:09.107000,0 days 00:34:32.923000,231.0,263.0,269.0,303.0,False,MEDIUM,7.0,False,Mercedes,0 days 00:32:58.015000,2022-03-18 15:17:58.047,1,,False,,False,True,94.908
0 days 00:36:26.432000,RUS,63,0 days 00:01:53.509000,8.0,2.0,,0 days 00:36:24.603000,0 days 00:00:37.025000,0 days 00:00:47.529000,0 days 00:00:28.955000,0 days 00:35:09.948000,0 days 00:35:57.477000,0 days 00:36:26.432000,206.0,216.0,,208.0,False,MEDIUM,8.0,False,Mercedes,0 days 00:34:32.923000,2022-03-18 15:19:32.955,1,,False,,False,False,113.509
0 days 00:47:38.708000,RUS,63,0 days 00:01:32.529000,10.0,3.0,,,0 days 00:00:29.817000,0 days 00:00:39.484000,0 days 00:00:23.228000,0 days 00:46:35.996000,0 days 00:47:15.480000,0 days 00:47:38.708000,236.0,264.0,281.0,307.0,True,SOFT,2.0,True,Mercedes,0 days 00:46:06.179000,2022-03-18 15:31:06.211,1,,False,,False,True,92.529
0 days 00:49:49.036000,RUS,63,0 days 00:02:10.328000,11.0,3.0,,,0 days 00:00:43.011000,0 days 00:00:55.621000,0 days 00:00:31.696000,0 days 00:48:21.719000,0 days 00:49:17.340000,0 days 00:49:49.036000,176.0,181.0,278.0,166.0,False,SOFT,3.0,True,Mercedes,0 days 00:47:38.708000,2022-03-18 15:32:38.740,1,,False,,False,True,130.328
0 days 00:51:34.405000,RUS,63,0 days 00:01:45.369000,12.0,3.0,,0 days 00:51:32.642000,0 days 00:00:30.032000,0 days 00:00:44.169000,0 days 00:00:31.168000,0 days 00:50:19.068000,0 days 00:51:03.237000,0 days 00:51:34.405000,231.0,192.0,,305.0,False,SOFT,4.0,True,Mercedes,0 days 00:49:49.036000,2022-03-18 15:34:49.068,1,,False,,False,False,105.369
0 days 01:01:17.604000,RUS,63,0 days 00:01:38.514000,14.0,4.0,,,0 days 00:00:32.137000,0 days 00:00:41.899000,0 days 00:00:24.478000,0 days 01:00:11.227000,0 days 01:00:53.126000,0 days 01:01:17.604000,229.0,255.0,263.0,260.0,False,SOFT,6.0,False,Mercedes,0 days 00:59:39.090000,2022-03-18 15:44:39.122,1,,False,,False,True,98.514
0 days 01:02:55.854000,RUS,63,0 days 00:01:38.250000,15.0,4.0,,,0 days 00:00:31.516000,0 days 00:00:42.302000,0 days 00:00:24.432000,0 days 01:01:49.120000,0 days 01:02:31.422000,0 days 01:02:55.854000,228.0,251.0,266.0,302.0,False,SOFT,7.0,False,Mercedes,0 days 01:01:17.604000,2022-03-18 15:46:17.636,1,,False,,False,True,98.25
0 days 01:04:34.172000,RUS,63,0 days 00:01:38.318000,16.0,4.0,,,0 days 00:00:31.570000,0 days 00:00:42.340000,0 days 00:00:24.408000,0 days 01:03:27.424000,0 days 01:04:09.764000,0 days 01:04:34.172000,228.0,250.0,265.0,297.0,False,SOFT,8.0,False,Mercedes,0 days 01:02:55.854000,2022-03-18 15:47:55.886,1,,False,,False,True,98.318
0 days 01:06:12.760000,RUS,63,0 days 00:01:38.588000,17.0,4.0,,,0 days 00:00:31.737000,0 days 00:00:42.258000,0 days 00:00:24.593000,0 days 01:05:05.909000,0 days 01:05:48.167000,0 days 01:06:12.760000,228.0,254.0,264.0,282.0,False,SOFT,9.0,False,Mercedes,0 days 01:04:34.172000,2022-03-18 15:49:34.204,1,,False,,False,True,98.588
0 days 01:07:51.176000,RUS,63,0 days 00:01:38.416000,18.0,4.0,,,0 days 00:00:31.806000,0 days 00:00:42.097000,0 days 00:00:24.513000,0 days 01:06:44.566000,0 days 01:07:26.663000,0 days 01:07:51.176000,227.0,252.0,266.0,276.0,False,SOFT,10.0,False,Mercedes,0 days 01:06:12.760000,2022-03-18 15:51:12.792,1,,False,,False,True,98.416
0 days 01:09:30.003000,RUS,63,0 days 00:01:38.827000,19.0,4.0,,,0 days 00:00:31.894000,0 days 00:00:42.311000,0 days 00:00:24.622000,0 days 01:08:23.070000,0 days 01:09:05.381000,0 days 01:09:30.003000,226.0,256.0,275.0,278.0,False,SOFT,11.0,False,Mercedes,0 days 01:07:51.176000,2022-03-18 15:52:51.208,1,,False,,False,True,98.827
0 days 01:11:08.332000,RUS,63,0 days 00:01:38.329000,20.0,4.0,,,0 days 00:00:31.428000,0 days 00:00:42.415000,0 days 00:00:24.486000,0 days 01:10:01.431000,0 days 01:10:43.846000,0 days 01:11:08.332000,225.0,252.0,264.0,306.0,False,SOFT,12.0,False,Mercedes,0 days 01:09:30.003000,2022-03-18 15:54:30.035,1,,False,,False,True,98.329
0 days 01:12:47.106000,RUS,63,0 days 00:01:38.774000,21.0,4.0,,,0 days 00:00:31.804000,0 days 00:00:42.422000,0 days 00:00:24.548000,0 days 01:11:40.136000,0 days 01:12:22.558000,0 days 01:12:47.106000,227.0,248.0,264.0,277.0,False,SOFT,13.0,False,Mercedes,0 days 01:11:08.332000,2022-03-18 15:56:08.364,1,,False,,False,True,98.774
0 days 01:14:26.094000,RUS,63,0 days 00:01:38.988000,22.0,4.0,,,0 days 00:00:31.850000,0 days 00:00:42.585000,0 days 00:00:24.553000,0 days 01:13:18.956000,0 days 01:14:01.541000,0 days 01:14:26.094000,227.0,246.0,266.0,283.0,False,SOFT,14.0,False,Mercedes,0 days 01:12:47.106000,2022-03-18 15:57:47.138,1,,False,,False,True,98.988
0 days 01:16:05.560000,RUS,63,0 days 00:01:39.466000,23.0,4.0,,,0 days 00:00:32.007000,0 days 00:00:42.697000,0 days 00:00:24.762000,0 days 01:14:58.101000,0 days 01:15:40.798000,0 days 01:16:05.560000,228.0,255.0,239.0,278.0,False,SOFT,15.0,False,Mercedes,0 days 01:14:26.094000,2022-03-18 15:59:26.126,1,,False,,False,True,99.466
0 days 01:18:19.526000,RUS,63,0 days 00:02:13.966000,24.0,4.0,,,0 days 00:00:39.737000,0 days 00:00:54.213000,0 days 00:00:40.016000,0 days 01:16:45.297000,0 days 01:17:39.510000,0 days 01:18:19.526000,167.0,180.0,50.0,160.0,False,SOFT,16.0,False,Mercedes,0 days 01:16:05.560000,2022-03-18 16:01:05.592,1,,False,,False,True,133.966
0 days 00:19:20.568000,BOT,77,0 days 00:01:35.100000,2.0,1.0,,,0 days 00:00:30.439000,0 days 00:00:40.897000,0 days 00:00:23.764000,0 days 00:18:15.907000,0 days 00:18:56.804000,0 days 00:19:20.568000,235.0,263.0,279.0,304.0,True,MEDIUM,2.0,True,Alfa Romeo,0 days 00:17:45.468000,2022-03-18 15:02:45.500,1,,False,,False,True,95.1
0 days 00:21:29.674000,BOT,77,0 days 00:02:09.106000,3.0,1.0,,,0 days 00:00:40.912000,0 days 00:00:59.337000,0 days 00:00:28.857000,0 days 00:20:01.480000,0 days 00:21:00.817000,0 days 00:21:29.674000,184.0,177.0,281.0,255.0,False,MEDIUM,3.0,True,Alfa Romeo,0 days 00:19:20.568000,2022-03-18 15:04:20.600,1,,False,,False,True,129.106
0 days 00:23:25.915000,BOT,77,0 days 00:01:56.241000,4.0,1.0,,,0 days 00:00:31.649000,0 days 00:00:54.855000,0 days 00:00:29.737000,0 days 00:22:01.323000,0 days 00:22:56.178000,0 days 00:23:25.915000,178.0,212.0,282.0,310.0,False,MEDIUM,4.0,True,Alfa Romeo,0 days 00:21:29.674000,2022-03-18 15:06:29.706,1,,False,,False,True,116.241
0 days 00:25:00.519000,BOT,77,0 days 00:01:34.604000,5.0,1.0,,,0 days 00:00:30.237000,0 days 00:00:40.635000,0 days 00:00:23.732000,0 days 00:23:56.152000,0 days 00:24:36.787000,0 days 00:25:00.519000,236.0,267.0,285.0,309.0,True,MEDIUM,5.0,True,Alfa Romeo,0 days 00:23:25.915000,2022-03-18 15:08:25.947,1,,False,,False,True,94.604
0 days 00:27:08.015000,BOT,77,0 days 00:02:07.496000,6.0,1.0,,,0 days 00:00:37.669000,0 days 00:01:01.925000,0 days 00:00:27.902000,0 days 00:25:38.188000,0 days 00:26:40.113000,0 days 00:27:08.015000,201.0,226.0,283.0,254.0,False,MEDIUM,6.0,True,Alfa Romeo,0 days 00:25:00.519000,2022-03-18 15:10:00.551,1,,False,,False,True,127.496
0 days 00:28:42.660000,BOT,77,0 days 00:01:34.645000,7.0,1.0,,,0 days 00:00:30.394000,0 days 00:00:40.719000,0 days 00:00:23.532000,0 days 00:27:38.409000,0 days 00:28:19.128000,0 days 00:28:42.660000,238.0,268.0,285.0,312.0,False,MEDIUM,7.0,True,Alfa Romeo,0 days 00:27:08.015000,2022-03-18 15:12:08.047,1,,False,,False,True,94.645
0 days 00:30:46.214000,BOT,77,0 days 00:02:03.554000,8.0,1.0,,,0 days 00:00:39.385000,0 days 00:00:56.859000,0 days 00:00:27.310000,0 days 00:29:22.045000,0 days 00:30:18.904000,0 days 00:30:46.214000,105.0,181.0,282.0,155.0,False,MEDIUM,8.0,True,Alfa Romeo,0 days 00:28:42.660000,2022-03-18 15:13:42.692,1,,False,,False,True,123.554
0 days 00:32:20.184000,BOT,77,0 days 00:01:33.970000,9.0,1.0,,,0 days 00:00:30.320000,0 days 00:00:40.265000,0 days 00:00:23.385000,0 days 00:31:16.534000,0 days 00:31:56.799000,0 days 00:32:20.184000,239.0,269.0,284.0,308.0,True,MEDIUM,9.0,True,Alfa Romeo,0 days 00:30:46.214000,2022-03-18 15:15:46.246,1,,False,,False,True,93.97
0 days 00:34:11.720000,BOT,77,0 days 00:01:51.536000,10.0,1.0,,0 days 00:34:09.955000,0 days 00:00:35.620000,0 days 00:00:47.551000,0 days 00:00:28.365000,0 days 00:32:55.804000,0 days 00:33:43.355000,0 days 00:34:11.720000,77.0,243.0,,272.0,False,MEDIUM,10.0,True,Alfa Romeo,0 days 00:32:20.184000,2022-03-18 15:17:20.216,1,,False,,False,False,111.536
0 days 00:43:41.940000,BOT,77,0 days 00:01:32.951000,13.0,3.0,,,0 days 00:00:29.662000,0 days 00:00:39.965000,0 days 00:00:23.324000,0 days 00:42:38.651000,0 days 00:43:18.616000,0 days 00:43:41.940000,240.0,267.0,282.0,310.0,True,SOFT,2.0,True,Alfa Romeo,0 days 00:42:08.989000,2022-03-18 15:27:09.021,1,,False,,False,True,92.951
0 days 00:45:45.733000,BOT,77,0 days 00:02:03.793000,14.0,3.0,,,0 days 00:00:38.720000,0 days 00:00:59.027000,0 days 00:00:26.046000,0 days 00:44:20.660000,0 days 00:45:19.687000,0 days 00:45:45.733000,166.0,197.0,280.0,239.0,False,SOFT,3.0,True,Alfa Romeo,0 days 00:43:41.940000,2022-03-18 15:28:41.972,1,,False,,False,True,123.793
0 days 00:47:19.196000,BOT,77,0 days 00:01:33.463000,15.0,3.0,,,0 days 00:00:29.824000,0 days 00:00:40.287000,0 days 00:00:23.352000,0 days 00:46:15.557000,0 days 00:46:55.844000,0 days 00:47:19.196000,238.0,266.0,283.0,306.0,False,SOFT,4.0,True,Alfa Romeo,0 days 00:45:45.733000,2022-03-18 15:30:45.765,1,,False,,False,True,93.463
0 days 00:51:15.065000,BOT,77,0 days 00:01:33.057000,17.0,3.0,,,0 days 00:00:29.926000,0 days 00:00:39.800000,0 days 00:00:23.331000,0 days 00:50:11.934000,0 days 00:50:51.734000,0 days 00:51:15.065000,239.0,267.0,281.0,307.0,False,SOFT,6.0,True,Alfa Romeo,0 days 00:49:42.008000,2022-03-18 15:34:42.040,1,,False,,False,True,93.057
0 days 00:53:02.152000,BOT,77,0 days 00:01:47.087000,18.0,3.0,,0 days 00:53:00.398000,0 days 00:00:33.849000,0 days 00:00:45.605000,0 days 00:00:27.633000,0 days 00:51:48.914000,0 days 00:52:34.519000,0 days 00:53:02.152000,212.0,223.0,,258.0,False,SOFT,7.0,True,Alfa Romeo,0 days 00:51:15.065000,2022-03-18 15:36:15.097,1,,False,,False,False,107.087
0 days 01:02:35.189000,BOT,77,0 days 00:01:37.808000,20.0,4.0,,,0 days 00:00:31.312000,0 days 00:00:42.212000,0 days 00:00:24.284000,0 days 01:01:28.693000,0 days 01:02:10.905000,0 days 01:02:35.189000,232.0,254.0,271.0,287.0,False,SOFT,9.0,False,Alfa Romeo,0 days 01:00:57.381000,2022-03-18 15:45:57.413,1,,False,,False,True,97.808
0 days 01:04:13.400000,BOT,77,0 days 00:01:38.211000,21.0,4.0,,,0 days 00:00:31.547000,0 days 00:00:42.358000,0 days 00:00:24.306000,0 days 01:03:06.736000,0 days 01:03:49.094000,0 days 01:04:13.400000,227.0,249.0,281.0,286.0,False,SOFT,10.0,False,Alfa Romeo,0 days 01:02:35.189000,2022-03-18 15:47:35.221,1,,False,,False,True,98.211
0 days 01:05:51.390000,BOT,77,0 days 00:01:37.990000,22.0,4.0,,,0 days 00:00:31.086000,0 days 00:00:42.572000,0 days 00:00:24.332000,0 days 01:04:44.486000,0 days 01:05:27.058000,0 days 01:05:51.390000,229.0,250.0,271.0,312.0,False,SOFT,11.0,False,Alfa Romeo,0 days 01:04:13.400000,2022-03-18 15:49:13.432,1,,False,,False,True,97.99
0 days 01:07:30.078000,BOT,77,0 days 00:01:38.688000,23.0,4.0,,,0 days 00:00:31.592000,0 days 00:00:42.594000,0 days 00:00:24.502000,0 days 01:06:22.982000,0 days 01:07:05.576000,0 days 01:07:30.078000,227.0,252.0,271.0,284.0,False,SOFT,12.0,False,Alfa Romeo,0 days 01:05:51.390000,2022-03-18 15:50:51.422,1,,False,,False,True,98.688
0 days 01:09:08.889000,BOT,77,0 days 00:01:38.811000,24.0,4.0,,,0 days 00:00:31.556000,0 days 00:00:42.769000,0 days 00:00:24.486000,0 days 01:08:01.634000,0 days 01:08:44.403000,0 days 01:09:08.889000,226.0,252.0,271.0,287.0,False,SOFT,13.0,False,Alfa Romeo,0 days 01:07:30.078000,2022-03-18 15:52:30.110,1,,False,,False,True,98.811
0 days 01:10:47.391000,BOT,77,0 days 00:01:38.502000,25.0,4.0,,,0 days 00:00:31.466000,0 days 00:00:42.535000,0 days 00:00:24.501000,0 days 01:09:40.355000,0 days 01:10:22.890000,0 days 01:10:47.391000,231.0,251.0,270.0,292.0,False,SOFT,14.0,False,Alfa Romeo,0 days 01:09:08.889000,2022-03-18 15:54:08.921,1,,False,,False,True,98.502
0 days 01:12:28.816000,BOT,77,0 days 00:01:41.425000,26.0,4.0,,0 days 01:12:27.056000,0 days 00:00:31.706000,0 days 00:00:42.975000,0 days 00:00:26.744000,0 days 01:11:19.097000,0 days 01:12:02.072000,0 days 01:12:28.816000,228.0,245.0,,289.0,False,SOFT,15.0,False,Alfa Romeo,0 days 01:10:47.391000,2022-03-18 15:55:47.423,1,,False,,False,False,101.425
0 days 01:14:28.450000,BOT,77,0 days 00:01:59.634000,27.0,5.0,0 days 01:12:52.251000,,0 days 00:00:52.828000,0 days 00:00:42.463000,0 days 00:00:24.343000,0 days 01:13:21.644000,0 days 01:14:04.107000,0 days 01:14:28.450000,226.0,242.0,271.0,212.0,False,MEDIUM,12.0,False,Alfa Romeo,0 days 01:12:28.816000,2022-03-18 15:57:28.848,1,,False,,False,False,119.634
0 days 01:16:06.619000,BOT,77,0 days 00:01:38.169000,28.0,5.0,,,0 days 00:00:31.469000,0 days 00:00:42.328000,0 days 00:00:24.372000,0 days 01:14:59.919000,0 days 01:15:42.247000,0 days 01:16:06.619000,227.0,255.0,272.0,284.0,False,MEDIUM,13.0,False,Alfa Romeo,0 days 01:14:28.450000,2022-03-18 15:59:28.482,1,,False,,False,True,98.169
0 days 01:18:22.109000,BOT,77,0 days 00:02:15.490000,29.0,5.0,,,0 days 00:00:40.028000,0 days 00:00:55.009000,0 days 00:00:40.453000,0 days 01:16:46.647000,0 days 01:17:41.656000,0 days 01:18:22.109000,183.0,205.0,45.0,139.0,False,MEDIUM,14.0,False,Alfa Romeo,0 days 01:16:06.619000,2022-03-18 16:01:06.651,1,,False,,False,True,135.49
